query,scenario
SELECT cast_info.movie_id FROM cast_info  WHERE cast_info.note LIKE 'sample' AND cast_info.person_role_id < 71.36 ORDER BY cast_info.movie_id LIMIT 100;,popular_actor
"SELECT cast_info.person_id, cast_info.role_id, cast_info.person_role_id, cast_info.note, cast_info.movie_id, cast_info.nr_order FROM cast_info  WHERE cast_info.role_id BETWEEN 5.75 AND 6.25 AND cast_info.nr_order > 5.77 ORDER BY cast_info.nr_order LIMIT 100;",movie_cast
"SELECT cast_info.person_role_id, cast_info.person_id, cast_info.note, cast_info.id FROM cast_info  WHERE cast_info.note = 'sample' AND cast_info.person_role_id < 35.05 AND cast_info.person_id BETWEEN 1929415.9 AND 2132512.1 ORDER BY cast_info.id LIMIT 100;",popular_actor
"SELECT cast_info.role_id, cast_info.nr_order FROM cast_info  WHERE cast_info.movie_id > 92.21 AND cast_info.person_id BETWEEN 1929415.9 AND 2132512.1 AND cast_info.role_id < 9.33 AND cast_info.nr_order < 58.48 ORDER BY cast_info.nr_order LIMIT 100;",role_search
"SELECT cast_info.movie_id, cast_info.id, cast_info.note FROM cast_info  WHERE cast_info.nr_order < 14.13 AND cast_info.role_id > NULL AND cast_info.person_role_id < 75.92 ORDER BY cast_info.id LIMIT 100;",multi_criteria
"SELECT cast_info.id, cast_info.person_role_id, cast_info.role_id, cast_info.nr_order, cast_info.movie_id FROM cast_info  WHERE cast_info.id BETWEEN 16491177.61 AND 19753168.39 AND cast_info.movie_id < 42.11 AND cast_info.nr_order BETWEEN 446319266.0 AND 669478899.0 ORDER BY cast_info.id LIMIT 100;",role_search
"SELECT cast_info.role_id, cast_info.note, cast_info.person_id, cast_info.id, cast_info.nr_order, cast_info.movie_id FROM cast_info  WHERE cast_info.role_id BETWEEN 5.75 AND 6.25 ORDER BY cast_info.movie_id LIMIT 100;",role_search
"SELECT cast_info.id, cast_info.person_role_id, cast_info.role_id, cast_info.movie_id FROM cast_info  WHERE cast_info.nr_order > 1.55 AND cast_info.person_id < 326721.1 AND cast_info.person_role_id BETWEEN 1460258.17 AND 1680081.83 ORDER BY cast_info.id LIMIT 100;",multi_criteria
"SELECT cast_info.note, cast_info.nr_order FROM cast_info  WHERE cast_info.movie_id BETWEEN 1212468.52 AND 1313507.48 AND cast_info.person_role_id < 86.07 AND cast_info.note LIKE 'sample' ORDER BY cast_info.note LIMIT 100;",movie_cast
"SELECT cast_info.person_id, cast_info.nr_order, cast_info.id, cast_info.movie_id FROM cast_info  WHERE cast_info.nr_order < 62.92 AND cast_info.person_role_id BETWEEN 1491661.55 AND 1648678.45 AND cast_info.note LIKE 'sample' ORDER BY cast_info.person_id LIMIT 100;",role_search
"SELECT cast_info.id, cast_info.movie_id, cast_info.role_id, cast_info.person_id, cast_info.person_role_id, cast_info.nr_order FROM cast_info  WHERE cast_info.person_role_id < 79.6 ORDER BY cast_info.nr_order LIMIT 100;",multi_criteria
SELECT cast_info.person_role_id FROM cast_info  WHERE cast_info.person_role_id BETWEEN 1428854.79 AND 1711485.21 AND cast_info.movie_id > 6.23 AND cast_info.id BETWEEN 16491177.61 AND 19753168.39 AND cast_info.role_id > NULL ORDER BY cast_info.person_role_id LIMIT 100;,popular_actor
"SELECT cast_info.nr_order, cast_info.id, cast_info.person_role_id FROM cast_info  WHERE cast_info.id BETWEEN 17034842.74 AND 19209503.26 AND cast_info.movie_id < 2 AND cast_info.role_id < 4.53 AND cast_info.person_id BETWEEN 1990344.76 AND 2071583.24 ORDER BY cast_info.person_role_id LIMIT 100;",movie_cast
"SELECT cast_info.note, cast_info.movie_id, cast_info.person_role_id, cast_info.person_id, cast_info.role_id, cast_info.id FROM cast_info  WHERE cast_info.id BETWEEN 16672399.32 AND 19571946.68 ORDER BY cast_info.note LIMIT 100;",role_search
"SELECT cast_info.role_id, cast_info.note FROM cast_info  WHERE cast_info.id BETWEEN 16672399.32 AND 19571946.68 ORDER BY cast_info.note LIMIT 100;",award_season
"SELECT cast_info.movie_id, cast_info.id, cast_info.nr_order, cast_info.note, cast_info.role_id, cast_info.person_id FROM cast_info  WHERE cast_info.id < 29.31 AND cast_info.person_role_id BETWEEN 1428854.79 AND 1711485.21 AND cast_info.movie_id < 71.16 AND cast_info.nr_order < 37.14 ORDER BY cast_info.role_id LIMIT 100;",popular_actor
"SELECT cast_info.person_role_id, cast_info.nr_order, cast_info.note, cast_info.movie_id, cast_info.person_id FROM cast_info  WHERE cast_info.id > 29.1 AND cast_info.person_id BETWEEN 1990344.76 AND 2071583.24 AND cast_info.role_id < NULL ORDER BY cast_info.nr_order LIMIT 100;",popular_actor
"SELECT cast_info.note, cast_info.id, cast_info.role_id, cast_info.person_id, cast_info.nr_order FROM cast_info  WHERE cast_info.role_id BETWEEN 5.75 AND 6.25 AND cast_info.nr_order < 14.56 AND cast_info.note = 'sample' ORDER BY cast_info.nr_order LIMIT 100;",movie_cast
"SELECT cast_info.note, cast_info.role_id FROM cast_info  WHERE cast_info.nr_order < 23.86 AND cast_info.person_role_id BETWEEN 1428854.79 AND 1711485.21 AND cast_info.note LIKE 'sample' ORDER BY cast_info.note LIMIT 100;",award_season
"SELECT cast_info.person_role_id, cast_info.nr_order, cast_info.movie_id, cast_info.note FROM cast_info  WHERE cast_info.movie_id BETWEEN 1212468.52 AND 1313507.48 AND cast_info.person_role_id < 93.48 AND cast_info.nr_order < 20.27 ORDER BY cast_info.note LIMIT 100;",role_search
"SELECT cast_info.person_role_id, cast_info.nr_order FROM cast_info  WHERE cast_info.role_id < NULL ORDER BY cast_info.nr_order LIMIT 100;",popular_actor
"SELECT cast_info.id, cast_info.person_id FROM cast_info  WHERE cast_info.movie_id > 42.06 AND cast_info.person_id > 2953666.17 ORDER BY cast_info.person_id LIMIT 100;",role_search
"SELECT cast_info.id, cast_info.person_id FROM cast_info  WHERE cast_info.movie_id > 3.41 AND cast_info.person_id > 3433718.95 ORDER BY cast_info.person_id LIMIT 100;",role_search
"SELECT cast_info.nr_order, cast_info.role_id, cast_info.person_id, cast_info.movie_id, cast_info.note, cast_info.person_role_id FROM cast_info  WHERE cast_info.id < 8.75 AND cast_info.movie_id > 4866492.39 ORDER BY cast_info.nr_order LIMIT 100;",award_season
"SELECT cast_info.note, cast_info.person_role_id, cast_info.person_id, cast_info.movie_id, cast_info.id, cast_info.nr_order FROM cast_info  WHERE cast_info.person_id BETWEEN 1990344.76 AND 2071583.24 AND cast_info.id BETWEEN 16309955.9 AND 19934390.1 ORDER BY cast_info.note LIMIT 100;",role_search
"SELECT cast_info.person_role_id, cast_info.nr_order FROM cast_info  WHERE cast_info.role_id < 6.68 ORDER BY cast_info.nr_order LIMIT 100;",role_search
SELECT cast_info.movie_id FROM cast_info  WHERE cast_info.id > 80.38 AND cast_info.person_role_id > 71.27 ORDER BY cast_info.movie_id LIMIT 100;,movie_cast
"SELECT cast_info.nr_order, cast_info.note, cast_info.person_id, cast_info.role_id FROM cast_info  WHERE cast_info.person_role_id > 1.8 AND cast_info.movie_id < 1740834.69 AND cast_info.role_id BETWEEN 5.75 AND 6.25 AND cast_info.id > 88.26 ORDER BY cast_info.role_id LIMIT 100;",multi_criteria
"SELECT cast_info.person_id, cast_info.role_id FROM cast_info  WHERE cast_info.id > 63.6 AND cast_info.role_id BETWEEN 5.75 AND 6.25 AND cast_info.person_role_id BETWEEN 1444556.48 AND 1695783.52 AND cast_info.movie_id < 32.6 ORDER BY cast_info.role_id LIMIT 100;",role_search
"SELECT cast_info.person_id, cast_info.person_role_id, cast_info.role_id, cast_info.movie_id FROM cast_info  WHERE cast_info.id < 68.64 AND cast_info.note LIKE 'sample' AND cast_info.person_role_id BETWEEN 1460258.17 AND 1680081.83 AND cast_info.nr_order < 23.75 ORDER BY cast_info.person_role_id LIMIT 100;",popular_actor
"SELECT cast_info.id, cast_info.nr_order, cast_info.person_id, cast_info.person_role_id, cast_info.movie_id, cast_info.role_id FROM cast_info  WHERE cast_info.person_id > 578810.46 AND cast_info.person_role_id > 28.43 AND cast_info.movie_id > 209136.03 AND cast_info.nr_order < 20.76 ORDER BY cast_info.movie_id LIMIT 100;",multi_criteria
SELECT cast_info.note FROM cast_info  WHERE cast_info.nr_order > 96.36 ORDER BY cast_info.note LIMIT 100;,role_search
"SELECT cast_info.role_id, cast_info.id, cast_info.person_role_id, cast_info.movie_id, cast_info.person_id FROM cast_info  WHERE cast_info.person_role_id < 3.91 ORDER BY cast_info.id LIMIT 100;",award_season
"SELECT cast_info.nr_order, cast_info.note, cast_info.id FROM cast_info  WHERE cast_info.role_id > 13.98 ORDER BY cast_info.id LIMIT 100;",role_search
"SELECT cast_info.note, cast_info.movie_id, cast_info.person_role_id FROM cast_info  WHERE cast_info.movie_id > 1595210.3 AND cast_info.nr_order < 37.48 ORDER BY cast_info.note LIMIT 100;",multi_criteria
"SELECT cast_info.role_id, cast_info.note FROM cast_info  WHERE cast_info.id BETWEEN 16672399.32 AND 19571946.68 ORDER BY cast_info.note LIMIT 100;",movie_cast
"SELECT cast_info.note, cast_info.id, cast_info.nr_order, cast_info.person_role_id FROM cast_info  WHERE cast_info.role_id BETWEEN 5.75 AND 6.25 AND cast_info.nr_order < 0.56 AND cast_info.note LIKE 'sample' ORDER BY cast_info.note LIMIT 100;",multi_criteria
"SELECT cast_info.person_id, cast_info.person_role_id, cast_info.role_id, cast_info.movie_id FROM cast_info  WHERE cast_info.id < 12.45 AND cast_info.note LIKE 'sample' AND cast_info.person_role_id BETWEEN 1460258.17 AND 1680081.83 AND cast_info.nr_order < 94.51 ORDER BY cast_info.person_role_id LIMIT 100;",popular_actor
SELECT cast_info.person_role_id FROM cast_info  WHERE cast_info.nr_order < 18.14 ORDER BY cast_info.person_role_id LIMIT 100;,role_search
"SELECT cast_info.person_id, cast_info.id, cast_info.nr_order, cast_info.movie_id, cast_info.role_id FROM cast_info  WHERE cast_info.person_role_id < 49.79 AND cast_info.note LIKE 'sample' AND cast_info.nr_order > 85.8 ORDER BY cast_info.nr_order LIMIT 100;",popular_actor
"SELECT cast_info.movie_id, cast_info.person_role_id, cast_info.note, cast_info.role_id, cast_info.person_id FROM cast_info  WHERE cast_info.note = 'sample' AND cast_info.role_id BETWEEN 5.75 AND 6.25 ORDER BY cast_info.role_id LIMIT 100;",movie_cast
"SELECT cast_info.person_id, cast_info.role_id, cast_info.person_role_id, cast_info.note, cast_info.movie_id, cast_info.nr_order FROM cast_info  WHERE cast_info.role_id BETWEEN 5.75 AND 6.25 AND cast_info.nr_order > 40.55 ORDER BY cast_info.nr_order LIMIT 100;",popular_actor
"SELECT cast_info.person_role_id, cast_info.id, cast_info.role_id, cast_info.nr_order, cast_info.note, cast_info.movie_id FROM cast_info  WHERE cast_info.person_role_id > 53.31 ORDER BY cast_info.id LIMIT 100;",popular_actor
"SELECT cast_info.note, cast_info.person_role_id, cast_info.nr_order, cast_info.role_id, cast_info.movie_id FROM cast_info  WHERE cast_info.person_role_id BETWEEN 1444556.48 AND 1695783.52 AND cast_info.id < 32.37 AND cast_info.note = 'sample' ORDER BY cast_info.person_role_id LIMIT 100;",popular_actor
"SELECT cast_info.note, cast_info.person_role_id, cast_info.nr_order, cast_info.id, cast_info.role_id, cast_info.person_id FROM cast_info  WHERE cast_info.note LIKE 'sample' AND cast_info.id BETWEEN 16853621.03 AND 19390724.97 AND cast_info.movie_id > 1 AND cast_info.role_id < 80.15 ORDER BY cast_info.person_role_id LIMIT 100;",movie_cast
"SELECT cast_info.nr_order, cast_info.id, cast_info.person_role_id FROM cast_info  WHERE cast_info.id BETWEEN 17034842.74 AND 19209503.26 AND cast_info.movie_id < 47.17 AND cast_info.role_id < 17.4 AND cast_info.person_id BETWEEN 1990344.76 AND 2071583.24 ORDER BY cast_info.person_role_id LIMIT 100;",role_search
"SELECT cast_info.nr_order, cast_info.role_id, cast_info.id, cast_info.movie_id, cast_info.note FROM cast_info  WHERE cast_info.person_role_id < 99.59 ORDER BY cast_info.movie_id LIMIT 100;",role_search
"SELECT cast_info.person_id, cast_info.id, cast_info.nr_order, cast_info.role_id FROM cast_info  WHERE cast_info.movie_id BETWEEN 1250358.13 AND 1275617.87 ORDER BY cast_info.id LIMIT 100;",popular_actor
"SELECT cast_info.nr_order, cast_info.note, cast_info.id FROM cast_info  WHERE cast_info.role_id > NULL ORDER BY cast_info.id LIMIT 100;",award_season
"SELECT cast_info.person_id, cast_info.movie_id, cast_info.note, cast_info.id, cast_info.nr_order, cast_info.person_role_id FROM cast_info  WHERE cast_info.movie_id > 1.78 AND cast_info.note = 'sample' AND cast_info.id > 22.29 ORDER BY cast_info.nr_order LIMIT 100;",popular_actor
"SELECT cast_info.person_id, cast_info.id, cast_info.note, cast_info.person_role_id, cast_info.nr_order, cast_info.movie_id FROM cast_info  WHERE cast_info.movie_id BETWEEN 1225098.39 AND 1300877.61 AND cast_info.id BETWEEN 17034842.74 AND 19209503.26 AND cast_info.person_id > 2336039.53 ORDER BY cast_info.person_id LIMIT 100;",role_search
SELECT cast_info.role_id FROM cast_info  WHERE cast_info.nr_order > -4.45 ORDER BY cast_info.role_id LIMIT 100;,multi_criteria
"SELECT cast_info.note, cast_info.movie_id, cast_info.person_role_id, cast_info.person_id, cast_info.role_id, cast_info.id FROM cast_info  WHERE cast_info.id BETWEEN 16672399.32 AND 19571946.68 ORDER BY cast_info.note LIMIT 100;",multi_criteria
"SELECT cast_info.movie_id, cast_info.person_role_id, cast_info.nr_order FROM cast_info  WHERE cast_info.nr_order > 3.85 AND cast_info.note LIKE 'sample' AND cast_info.person_role_id < 75.96 ORDER BY cast_info.movie_id LIMIT 100;",multi_criteria
"SELECT cast_info.note, cast_info.movie_id, cast_info.person_role_id, cast_info.person_id, cast_info.role_id, cast_info.id FROM cast_info  WHERE cast_info.id BETWEEN 16672399.32 AND 19571946.68 ORDER BY cast_info.note LIMIT 100;",movie_cast
"SELECT cast_info.movie_id, cast_info.id, cast_info.nr_order, cast_info.note, cast_info.role_id, cast_info.person_id FROM cast_info  WHERE cast_info.id < 27.32 AND cast_info.person_role_id BETWEEN 1428854.79 AND 1711485.21 AND cast_info.movie_id < 1498720.62 AND cast_info.nr_order < 20.02 ORDER BY cast_info.role_id LIMIT 100;",multi_criteria
"SELECT cast_info.nr_order, cast_info.person_role_id, cast_info.movie_id, cast_info.note, cast_info.person_id FROM cast_info  WHERE cast_info.nr_order < 29.52 AND cast_info.note = 'sample' AND cast_info.movie_id BETWEEN 1225098.39 AND 1300877.61 AND cast_info.person_role_id > 3.59 ORDER BY cast_info.person_role_id LIMIT 100;",popular_actor
"SELECT cast_info.person_id, cast_info.person_role_id, cast_info.role_id FROM cast_info  WHERE cast_info.role_id < NULL AND cast_info.person_role_id > 19.68 AND cast_info.movie_id > 134330.24 AND cast_info.id > 69.21 ORDER BY cast_info.person_id LIMIT 100;",multi_criteria
"SELECT cast_info.person_id, cast_info.nr_order, cast_info.id, cast_info.movie_id FROM cast_info  WHERE cast_info.nr_order < 33.29 AND cast_info.person_role_id BETWEEN 1491661.55 AND 1648678.45 AND cast_info.note LIKE 'sample' ORDER BY cast_info.person_id LIMIT 100;",role_search
"SELECT cast_info.role_id, cast_info.note FROM cast_info  WHERE cast_info.id BETWEEN 16672399.32 AND 19571946.68 ORDER BY cast_info.note LIMIT 100;",award_season
"SELECT cast_info.person_role_id, cast_info.id, cast_info.person_id, cast_info.note, cast_info.nr_order, cast_info.movie_id FROM cast_info  WHERE cast_info.person_id < 2920089.51 AND cast_info.note LIKE 'sample' AND cast_info.role_id BETWEEN 5.75 AND 6.25 AND cast_info.id < 22.34 ORDER BY cast_info.nr_order LIMIT 100;",role_search
"SELECT cast_info.note, cast_info.nr_order, cast_info.role_id, cast_info.person_role_id FROM cast_info  WHERE cast_info.id BETWEEN 16672399.32 AND 19571946.68 AND cast_info.movie_id BETWEEN 1262988.0 AND 1262988.0 AND cast_info.nr_order < 35.64 AND cast_info.role_id > NULL ORDER BY cast_info.nr_order LIMIT 100;",popular_actor
"SELECT cast_info.person_id, cast_info.person_role_id, cast_info.movie_id, cast_info.role_id FROM cast_info  WHERE cast_info.movie_id BETWEEN 1212468.52 AND 1313507.48 AND cast_info.person_id BETWEEN 1990344.76 AND 2071583.24 ORDER BY cast_info.person_role_id LIMIT 100;",popular_actor
"SELECT cast_info.note, cast_info.person_role_id, cast_info.person_id, cast_info.role_id, cast_info.nr_order FROM cast_info  WHERE cast_info.person_id > 795525.41 AND cast_info.id > 59.37 AND cast_info.nr_order > 11.09 AND cast_info.person_role_id > 39.88 ORDER BY cast_info.role_id LIMIT 100;",multi_criteria
SELECT cast_info.movie_id FROM cast_info  WHERE cast_info.person_id < 2409292.46 ORDER BY cast_info.movie_id LIMIT 100;,role_search
"SELECT cast_info.movie_id, cast_info.nr_order, cast_info.role_id, cast_info.note FROM cast_info  WHERE cast_info.movie_id > 73.39 AND cast_info.person_id BETWEEN 1970035.14 AND 2091892.86 ORDER BY cast_info.movie_id LIMIT 100;",role_search
"SELECT cast_info.role_id, cast_info.nr_order, cast_info.id, cast_info.movie_id FROM cast_info  WHERE cast_info.nr_order < -1.0 AND cast_info.note = 'sample' AND cast_info.movie_id BETWEEN 1199838.65 AND 1326137.35 ORDER BY cast_info.movie_id LIMIT 100;",movie_cast
"SELECT cast_info.id, cast_info.nr_order FROM cast_info  WHERE cast_info.id > 54.46 AND cast_info.nr_order BETWEEN 429582293.525 AND 686215871.475 AND cast_info.note LIKE 'sample' ORDER BY cast_info.nr_order LIMIT 100;",role_search
"SELECT cast_info.note, cast_info.id, cast_info.role_id, cast_info.person_id, cast_info.nr_order FROM cast_info  WHERE cast_info.role_id BETWEEN 5.75 AND 6.25 AND cast_info.nr_order < 19.72 AND cast_info.note = 'sample' ORDER BY cast_info.nr_order LIMIT 100;",multi_criteria
"SELECT cast_info.person_id, cast_info.movie_id, cast_info.note, cast_info.nr_order FROM cast_info  WHERE cast_info.movie_id BETWEEN 1262988.0 AND 1262988.0 AND cast_info.person_role_id BETWEEN 1428854.79 AND 1711485.21 ORDER BY cast_info.movie_id LIMIT 100;",multi_criteria
SELECT cast_info.id FROM cast_info  WHERE cast_info.movie_id < 1 AND cast_info.note = 'sample' ORDER BY cast_info.id LIMIT 100;,movie_cast
"SELECT cast_info.note, cast_info.person_role_id, cast_info.id, cast_info.movie_id, cast_info.nr_order FROM cast_info  WHERE cast_info.person_role_id > 24.77 ORDER BY cast_info.nr_order LIMIT 100;",role_search
"SELECT cast_info.nr_order, cast_info.person_role_id, cast_info.movie_id, cast_info.note, cast_info.person_id FROM cast_info  WHERE cast_info.nr_order < 41.66 AND cast_info.note = 'sample' AND cast_info.movie_id BETWEEN 1225098.39 AND 1300877.61 AND cast_info.person_role_id > 47.93 ORDER BY cast_info.person_role_id LIMIT 100;",popular_actor
"SELECT cast_info.person_id, cast_info.id, cast_info.nr_order, cast_info.role_id FROM cast_info  WHERE cast_info.movie_id BETWEEN 1250358.13 AND 1275617.87 ORDER BY cast_info.id LIMIT 100;",multi_criteria
SELECT cast_info.nr_order FROM cast_info  WHERE cast_info.nr_order < 25.11 AND cast_info.person_role_id < 54.34 AND cast_info.id < 48.8 ORDER BY cast_info.nr_order LIMIT 100;,role_search
SELECT cast_info.nr_order FROM cast_info  WHERE cast_info.person_id > 50.45 AND cast_info.role_id < 53.77 AND cast_info.nr_order < 1.39 AND cast_info.note = 'sample' ORDER BY cast_info.nr_order LIMIT 100;,movie_cast
"SELECT cast_info.role_id, cast_info.id FROM cast_info  WHERE cast_info.movie_id > 5.94 ORDER BY cast_info.role_id LIMIT 100;",popular_actor
"SELECT cast_info.person_id, cast_info.person_role_id, cast_info.movie_id, cast_info.role_id FROM cast_info  WHERE cast_info.movie_id BETWEEN 1212468.52 AND 1313507.48 AND cast_info.person_id BETWEEN 1990344.76 AND 2071583.24 ORDER BY cast_info.person_role_id LIMIT 100;",award_season
"SELECT cast_info.person_role_id, cast_info.id, cast_info.role_id, cast_info.nr_order, cast_info.person_id, cast_info.note FROM cast_info  WHERE cast_info.nr_order BETWEEN 412845321.05 AND 702952843.95 AND cast_info.role_id BETWEEN 5.75 AND 6.25 AND cast_info.movie_id BETWEEN 1225098.39 AND 1300877.61 AND cast_info.person_id > 55.66 ORDER BY cast_info.nr_order LIMIT 100;",movie_cast
"SELECT cast_info.note, cast_info.nr_order, cast_info.role_id, cast_info.id, cast_info.movie_id, cast_info.person_id FROM cast_info  WHERE cast_info.person_id > 1 AND cast_info.movie_id < 96.31 AND cast_info.person_role_id < 55.55 AND cast_info.nr_order < 46.74 ORDER BY cast_info.person_id LIMIT 100;",popular_actor
"SELECT cast_info.person_role_id, cast_info.person_id, cast_info.note, cast_info.id FROM cast_info  WHERE cast_info.note = 'sample' AND cast_info.person_role_id < 6.79 AND cast_info.person_id BETWEEN 1929415.9 AND 2132512.1 ORDER BY cast_info.id LIMIT 100;",role_search
"SELECT cast_info.movie_id, cast_info.id, cast_info.role_id, cast_info.note, cast_info.nr_order FROM cast_info  WHERE cast_info.note = 'sample' ORDER BY cast_info.note LIMIT 100;",movie_cast
"SELECT cast_info.note, cast_info.nr_order FROM cast_info  WHERE cast_info.movie_id BETWEEN 1212468.52 AND 1313507.48 AND cast_info.person_role_id < 27.25 AND cast_info.note LIKE 'sample' ORDER BY cast_info.note LIMIT 100;",role_search
"SELECT cast_info.person_role_id, cast_info.person_id, cast_info.note, cast_info.id FROM cast_info  WHERE cast_info.note = 'sample' AND cast_info.person_role_id < 96.21 AND cast_info.person_id BETWEEN 1929415.9 AND 2132512.1 ORDER BY cast_info.id LIMIT 100;",popular_actor
"SELECT cast_info.note, cast_info.nr_order, cast_info.role_id, cast_info.id, cast_info.movie_id, cast_info.person_id FROM cast_info  WHERE cast_info.person_id > 2555559.87 AND cast_info.movie_id < 78.75 AND cast_info.person_role_id < 26.59 AND cast_info.nr_order < 48.91 ORDER BY cast_info.person_id LIMIT 100;",role_search
SELECT cast_info.nr_order FROM cast_info  WHERE cast_info.person_id > 13.74 AND cast_info.role_id < 46.61 AND cast_info.nr_order < -0.41 AND cast_info.note = 'sample' ORDER BY cast_info.nr_order LIMIT 100;,movie_cast
"SELECT cast_info.movie_id, cast_info.id, cast_info.role_id, cast_info.note, cast_info.nr_order FROM cast_info  WHERE cast_info.note = 'sample' ORDER BY cast_info.note LIMIT 100;",popular_actor
"SELECT cast_info.person_id, cast_info.person_role_id, cast_info.role_id FROM cast_info  WHERE cast_info.role_id < 61.05 AND cast_info.person_role_id > 51.17 AND cast_info.movie_id > 1 AND cast_info.id > 98.69 ORDER BY cast_info.person_id LIMIT 100;",movie_cast
"SELECT cast_info.person_id, cast_info.person_role_id, cast_info.movie_id, cast_info.role_id FROM cast_info  WHERE cast_info.movie_id BETWEEN 1212468.52 AND 1313507.48 AND cast_info.person_id BETWEEN 1990344.76 AND 2071583.24 ORDER BY cast_info.person_role_id LIMIT 100;",movie_cast
"SELECT cast_info.role_id, cast_info.note FROM cast_info  WHERE cast_info.id BETWEEN 16672399.32 AND 19571946.68 ORDER BY cast_info.note LIMIT 100;",multi_criteria
"SELECT cast_info.person_id, cast_info.role_id, cast_info.nr_order FROM cast_info  WHERE cast_info.id BETWEEN 16853621.03 AND 19390724.97 AND cast_info.nr_order < 9.85 AND cast_info.note = 'sample' AND cast_info.person_role_id > 2.85 ORDER BY cast_info.nr_order LIMIT 100;",multi_criteria
"SELECT cast_info.note, cast_info.person_role_id, cast_info.nr_order, cast_info.id, cast_info.role_id, cast_info.person_id FROM cast_info  WHERE cast_info.note LIKE 'sample' AND cast_info.id BETWEEN 16853621.03 AND 19390724.97 AND cast_info.movie_id > 1568557.48 AND cast_info.role_id < NULL ORDER BY cast_info.person_role_id LIMIT 100;",multi_criteria
"SELECT cast_info.note, cast_info.person_role_id, cast_info.id, cast_info.movie_id, cast_info.nr_order FROM cast_info  WHERE cast_info.person_role_id > 13.36 ORDER BY cast_info.nr_order LIMIT 100;",movie_cast
"SELECT cast_info.person_role_id, cast_info.person_id, cast_info.note, cast_info.id FROM cast_info  WHERE cast_info.note = 'sample' AND cast_info.person_role_id < 22.47 AND cast_info.person_id BETWEEN 1929415.9 AND 2132512.1 ORDER BY cast_info.id LIMIT 100;",award_season
"SELECT cast_info.person_id, cast_info.role_id FROM cast_info  WHERE cast_info.id > 28.04 AND cast_info.role_id BETWEEN 5.75 AND 6.25 AND cast_info.person_role_id BETWEEN 1444556.48 AND 1695783.52 AND cast_info.movie_id < 3 ORDER BY cast_info.role_id LIMIT 100;",movie_cast
"SELECT cast_info.person_id, cast_info.note, cast_info.id, cast_info.nr_order, cast_info.movie_id FROM cast_info  WHERE cast_info.person_id < 134840.56 ORDER BY cast_info.person_id LIMIT 100;",multi_criteria
SELECT cast_info.person_id FROM cast_info  WHERE cast_info.person_id > 1 AND cast_info.note LIKE 'sample' AND cast_info.person_role_id < 71.99 ORDER BY cast_info.person_id LIMIT 100;,award_season
"SELECT cast_info.person_role_id, cast_info.nr_order FROM cast_info  WHERE cast_info.role_id < 11.06 ORDER BY cast_info.nr_order LIMIT 100;",role_search
"SELECT cast_info.role_id, cast_info.note, cast_info.movie_id FROM cast_info  WHERE cast_info.nr_order BETWEEN 496530183.425 AND 619267981.575 AND cast_info.id > 80.99 AND cast_info.person_role_id > 3.27 ORDER BY cast_info.movie_id LIMIT 100;",popular_actor
"SELECT cast_info.nr_order, cast_info.note, cast_info.id, cast_info.person_id, cast_info.movie_id, cast_info.role_id FROM cast_info  WHERE cast_info.role_id BETWEEN 5.75 AND 6.25 AND cast_info.id > 45.45 AND cast_info.person_role_id BETWEEN 1428854.79 AND 1711485.21 ORDER BY cast_info.role_id LIMIT 100;",role_search
"SELECT cast_info.movie_id, cast_info.person_role_id, cast_info.note, cast_info.role_id, cast_info.person_id FROM cast_info  WHERE cast_info.note = 'sample' AND cast_info.role_id BETWEEN 5.75 AND 6.25 ORDER BY cast_info.role_id LIMIT 100;",award_season
"SELECT cast_info.nr_order, cast_info.id, cast_info.person_role_id FROM cast_info  WHERE cast_info.id BETWEEN 17034842.74 AND 19209503.26 AND cast_info.movie_id < 3 AND cast_info.role_id < 56.8 AND cast_info.person_id BETWEEN 1990344.76 AND 2071583.24 ORDER BY cast_info.person_role_id LIMIT 100;",movie_cast
SELECT cast_info.person_id FROM cast_info  WHERE cast_info.person_id > 13 AND cast_info.note LIKE 'sample' AND cast_info.person_role_id < 53.72 ORDER BY cast_info.person_id LIMIT 100;,popular_actor
"SELECT cast_info.person_role_id, cast_info.nr_order, cast_info.movie_id, cast_info.note FROM cast_info  WHERE cast_info.movie_id BETWEEN 1212468.52 AND 1313507.48 AND cast_info.person_role_id < 97.82 AND cast_info.nr_order < 55.41 ORDER BY cast_info.note LIMIT 100;",award_season
"SELECT cast_info.nr_order, cast_info.person_role_id, cast_info.movie_id, cast_info.note, cast_info.person_id FROM cast_info  WHERE cast_info.nr_order < 7.73 AND cast_info.note = 'sample' AND cast_info.movie_id BETWEEN 1225098.39 AND 1300877.61 AND cast_info.person_role_id > 2.99 ORDER BY cast_info.person_role_id LIMIT 100;",multi_criteria
"SELECT cast_info.note, cast_info.id, cast_info.movie_id, cast_info.nr_order, cast_info.person_role_id, cast_info.person_id FROM cast_info  WHERE cast_info.note LIKE 'sample' AND cast_info.person_role_id BETWEEN 1444556.48 AND 1695783.52 AND cast_info.role_id < NULL AND cast_info.nr_order < 25.59 ORDER BY cast_info.person_id LIMIT 100;",multi_criteria
"SELECT cast_info.nr_order, cast_info.note, cast_info.id FROM cast_info  WHERE cast_info.role_id > NULL ORDER BY cast_info.id LIMIT 100;",award_season
"SELECT cast_info.person_id, cast_info.movie_id, cast_info.note FROM cast_info  WHERE cast_info.movie_id BETWEEN 1225098.39 AND 1300877.61 ORDER BY cast_info.movie_id LIMIT 100;",popular_actor
"SELECT cast_info.id, cast_info.person_role_id, cast_info.role_id, cast_info.nr_order, cast_info.movie_id FROM cast_info  WHERE cast_info.id BETWEEN 16491177.61 AND 19753168.39 AND cast_info.movie_id < 5 AND cast_info.nr_order BETWEEN 446319266.0 AND 669478899.0 ORDER BY cast_info.id LIMIT 100;",movie_cast
SELECT cast_info.person_role_id FROM cast_info  WHERE cast_info.person_role_id BETWEEN 1428854.79 AND 1711485.21 AND cast_info.movie_id > 1669304.81 AND cast_info.id BETWEEN 16491177.61 AND 19753168.39 AND cast_info.role_id > NULL ORDER BY cast_info.person_role_id LIMIT 100;,multi_criteria
"SELECT cast_info.nr_order, cast_info.id FROM cast_info  WHERE cast_info.person_role_id BETWEEN 1413153.1 AND 1727186.9 ORDER BY cast_info.nr_order LIMIT 100;",movie_cast
"SELECT cast_info.person_id, cast_info.nr_order, cast_info.id, cast_info.movie_id FROM cast_info  WHERE cast_info.nr_order < 26.02 AND cast_info.person_role_id BETWEEN 1491661.55 AND 1648678.45 AND cast_info.note LIKE 'sample' ORDER BY cast_info.person_id LIMIT 100;",role_search
"SELECT cast_info.note, cast_info.person_role_id, cast_info.person_id, cast_info.role_id, cast_info.nr_order FROM cast_info  WHERE cast_info.person_id > 1 AND cast_info.id > 24.55 AND cast_info.nr_order > 44.81 AND cast_info.person_role_id > 63.9 ORDER BY cast_info.role_id LIMIT 100;",award_season
"SELECT cast_info.id, cast_info.movie_id, cast_info.role_id, cast_info.person_id, cast_info.person_role_id, cast_info.nr_order FROM cast_info  WHERE cast_info.person_role_id < 67.95 ORDER BY cast_info.nr_order LIMIT 100;",popular_actor
"SELECT cast_info.person_role_id, cast_info.nr_order, cast_info.movie_id, cast_info.note FROM cast_info  WHERE cast_info.movie_id BETWEEN 1212468.52 AND 1313507.48 AND cast_info.person_role_id < 36.76 AND cast_info.nr_order < 25.21 ORDER BY cast_info.note LIMIT 100;",multi_criteria
"SELECT cast_info.role_id, cast_info.note, cast_info.person_id, cast_info.id, cast_info.nr_order, cast_info.movie_id FROM cast_info  WHERE cast_info.role_id BETWEEN 5.75 AND 6.25 ORDER BY cast_info.movie_id LIMIT 100;",award_season
SELECT cast_info.person_id FROM cast_info  WHERE cast_info.person_id > 21 AND cast_info.note LIKE 'sample' AND cast_info.person_role_id < 43.36 ORDER BY cast_info.person_id LIMIT 100;,award_season
SELECT cast_info.nr_order FROM cast_info  WHERE cast_info.person_id BETWEEN 1990344.76 AND 2071583.24 ORDER BY cast_info.nr_order LIMIT 100;,popular_actor
"SELECT cast_info.nr_order, cast_info.id FROM cast_info  WHERE cast_info.person_role_id BETWEEN 1413153.1 AND 1727186.9 ORDER BY cast_info.nr_order LIMIT 100;",movie_cast
"SELECT cast_info.nr_order, cast_info.id FROM cast_info  WHERE cast_info.person_role_id BETWEEN 1413153.1 AND 1727186.9 ORDER BY cast_info.nr_order LIMIT 100;",role_search
"SELECT cast_info.role_id, cast_info.note FROM cast_info  WHERE cast_info.id BETWEEN 16672399.32 AND 19571946.68 ORDER BY cast_info.note LIMIT 100;",award_season
"SELECT cast_info.person_role_id, cast_info.nr_order, cast_info.note, cast_info.movie_id, cast_info.person_id FROM cast_info  WHERE cast_info.id > 39.32 AND cast_info.person_id BETWEEN 1990344.76 AND 2071583.24 AND cast_info.role_id < NULL ORDER BY cast_info.nr_order LIMIT 100;",award_season
"SELECT cast_info.person_id, cast_info.movie_id, cast_info.note FROM cast_info  WHERE cast_info.movie_id BETWEEN 1225098.39 AND 1300877.61 ORDER BY cast_info.movie_id LIMIT 100;",popular_actor
"SELECT cast_info.person_id, cast_info.role_id FROM cast_info  WHERE cast_info.id > 45.42 AND cast_info.role_id BETWEEN 5.75 AND 6.25 AND cast_info.person_role_id BETWEEN 1444556.48 AND 1695783.52 AND cast_info.movie_id < 87.63 ORDER BY cast_info.role_id LIMIT 100;",popular_actor
"SELECT cast_info.person_id, cast_info.movie_id, cast_info.note, cast_info.nr_order FROM cast_info  WHERE cast_info.movie_id BETWEEN 1262988.0 AND 1262988.0 AND cast_info.person_role_id BETWEEN 1428854.79 AND 1711485.21 ORDER BY cast_info.movie_id LIMIT 100;",movie_cast
SELECT cast_info.id FROM cast_info  WHERE cast_info.movie_id < 1 AND cast_info.note = 'sample' ORDER BY cast_info.id LIMIT 100;,movie_cast
SELECT cast_info.id FROM cast_info  WHERE cast_info.movie_id < 43.17 AND cast_info.note = 'sample' ORDER BY cast_info.id LIMIT 100;,popular_actor
"SELECT cast_info.note, cast_info.movie_id, cast_info.id FROM cast_info  WHERE cast_info.person_role_id < 12.15 AND cast_info.nr_order BETWEEN 490951192.6 AND 624846972.4 AND cast_info.note LIKE 'sample' ORDER BY cast_info.note LIMIT 100;",popular_actor
"SELECT cast_info.person_id, cast_info.movie_id, cast_info.note, cast_info.nr_order FROM cast_info  WHERE cast_info.movie_id BETWEEN 1262988.0 AND 1262988.0 AND cast_info.person_role_id BETWEEN 1428854.79 AND 1711485.21 ORDER BY cast_info.movie_id LIMIT 100;",movie_cast
"SELECT cast_info.movie_id, cast_info.person_role_id, cast_info.nr_order FROM cast_info  WHERE cast_info.nr_order > 14.73 AND cast_info.note LIKE 'sample' AND cast_info.person_role_id < 33.35 ORDER BY cast_info.movie_id LIMIT 100;",multi_criteria
"SELECT cast_info.movie_id, cast_info.person_id, cast_info.id, cast_info.note, cast_info.nr_order, cast_info.person_role_id FROM cast_info  WHERE cast_info.person_id > 275148.09 AND cast_info.id > 74.27 AND cast_info.person_role_id > 47.71 AND cast_info.role_id BETWEEN 5.75 AND 6.25 ORDER BY cast_info.person_id LIMIT 100;",multi_criteria
"SELECT cast_info.role_id, cast_info.nr_order FROM cast_info  WHERE cast_info.movie_id > 12.55 AND cast_info.person_id BETWEEN 1929415.9 AND 2132512.1 AND cast_info.role_id < NULL AND cast_info.nr_order < 49.26 ORDER BY cast_info.nr_order LIMIT 100;",popular_actor
"SELECT cast_info.nr_order, cast_info.role_id, cast_info.person_role_id, cast_info.note, cast_info.person_id FROM cast_info  WHERE cast_info.person_id < 2378362.62 AND cast_info.role_id BETWEEN 5.75 AND 6.25 AND cast_info.person_role_id BETWEEN 1444556.48 AND 1695783.52 AND cast_info.movie_id > 39.59 ORDER BY cast_info.role_id LIMIT 100;",role_search
"SELECT cast_info.nr_order, cast_info.person_role_id, cast_info.movie_id, cast_info.note, cast_info.person_id FROM cast_info  WHERE cast_info.nr_order < 84.61 AND cast_info.note = 'sample' AND cast_info.movie_id BETWEEN 1225098.39 AND 1300877.61 AND cast_info.person_role_id > 84.59 ORDER BY cast_info.person_role_id LIMIT 100;",role_search
"SELECT cast_info.movie_id, cast_info.person_id, cast_info.note, cast_info.role_id, cast_info.nr_order FROM cast_info  WHERE cast_info.person_id > 2 AND cast_info.role_id < NULL AND cast_info.id < 50.05 AND cast_info.person_role_id BETWEEN 1428854.79 AND 1711485.21 ORDER BY cast_info.note LIMIT 100;",popular_actor
"SELECT cast_info.nr_order, cast_info.role_id, cast_info.person_id, cast_info.movie_id, cast_info.note, cast_info.person_role_id FROM cast_info  WHERE cast_info.id < 43.55 AND cast_info.movie_id > 4472739.57 ORDER BY cast_info.nr_order LIMIT 100;",award_season
"SELECT cast_info.person_id, cast_info.role_id FROM cast_info  WHERE cast_info.nr_order > 5.21 AND cast_info.id < 1.62 ORDER BY cast_info.person_id LIMIT 100;",multi_criteria
"SELECT cast_info.role_id, cast_info.nr_order FROM cast_info  WHERE cast_info.movie_id > 99.64 AND cast_info.person_id BETWEEN 1929415.9 AND 2132512.1 AND cast_info.role_id < 13.25 AND cast_info.nr_order < 72.88 ORDER BY cast_info.nr_order LIMIT 100;",role_search
"SELECT cast_info.movie_id, cast_info.person_id, cast_info.id, cast_info.note, cast_info.nr_order, cast_info.person_role_id FROM cast_info  WHERE cast_info.person_id > 3801900.42 AND cast_info.id > 85.32 AND cast_info.person_role_id > 96.53 AND cast_info.role_id BETWEEN 5.75 AND 6.25 ORDER BY cast_info.person_id LIMIT 100;",role_search
"SELECT cast_info.id, cast_info.nr_order FROM cast_info  WHERE cast_info.id > 99.92 AND cast_info.nr_order BETWEEN 429582293.525 AND 686215871.475 AND cast_info.note LIKE 'sample' ORDER BY cast_info.nr_order LIMIT 100;",movie_cast
SELECT cast_info.movie_id FROM cast_info  WHERE cast_info.note LIKE 'sample' AND cast_info.person_role_id < 9.87 ORDER BY cast_info.movie_id LIMIT 100;,popular_actor
"SELECT cast_info.id, cast_info.nr_order FROM cast_info  WHERE cast_info.id > 99.33 AND cast_info.nr_order BETWEEN 429582293.525 AND 686215871.475 AND cast_info.note LIKE 'sample' ORDER BY cast_info.nr_order LIMIT 100;",role_search
"SELECT cast_info.note, cast_info.nr_order, cast_info.movie_id, cast_info.role_id, cast_info.id, cast_info.person_role_id FROM cast_info  WHERE cast_info.movie_id > 5 ORDER BY cast_info.role_id LIMIT 100;",movie_cast
"SELECT cast_info.person_role_id, cast_info.id, cast_info.movie_id, cast_info.person_id, cast_info.note, cast_info.nr_order FROM cast_info  WHERE cast_info.person_id > 4067467.94 ORDER BY cast_info.person_role_id LIMIT 100;",role_search
"SELECT cast_info.person_id, cast_info.movie_id, cast_info.person_role_id, cast_info.note, cast_info.nr_order, cast_info.id FROM cast_info  WHERE cast_info.id > 56.86 ORDER BY cast_info.movie_id LIMIT 100;",multi_criteria
"SELECT cast_info.note, cast_info.id, cast_info.role_id, cast_info.person_id, cast_info.nr_order FROM cast_info  WHERE cast_info.role_id BETWEEN 5.75 AND 6.25 AND cast_info.nr_order < 17.88 AND cast_info.note = 'sample' ORDER BY cast_info.nr_order LIMIT 100;",popular_actor
"SELECT cast_info.movie_id, cast_info.person_id, cast_info.id, cast_info.note, cast_info.nr_order, cast_info.person_role_id FROM cast_info  WHERE cast_info.person_id > 1326 AND cast_info.id > 63.67 AND cast_info.person_role_id > 33.44 AND cast_info.role_id BETWEEN 5.75 AND 6.25 ORDER BY cast_info.person_id LIMIT 100;",award_season
"SELECT cast_info.person_role_id, cast_info.id, cast_info.role_id, cast_info.nr_order, cast_info.person_id, cast_info.note FROM cast_info  WHERE cast_info.nr_order BETWEEN 412845321.05 AND 702952843.95 AND cast_info.role_id BETWEEN 5.75 AND 6.25 AND cast_info.movie_id BETWEEN 1225098.39 AND 1300877.61 AND cast_info.person_id > 7 ORDER BY cast_info.nr_order LIMIT 100;",popular_actor
"SELECT cast_info.note, cast_info.movie_id, cast_info.id FROM cast_info  WHERE cast_info.person_role_id < 41.75 AND cast_info.nr_order BETWEEN 490951192.6 AND 624846972.4 AND cast_info.note LIKE 'sample' ORDER BY cast_info.note LIMIT 100;",multi_criteria
"SELECT cast_info.role_id, cast_info.note, cast_info.movie_id FROM cast_info  WHERE cast_info.nr_order BETWEEN 496530183.425 AND 619267981.575 AND cast_info.id > 2.34 AND cast_info.person_role_id > 43.32 ORDER BY cast_info.movie_id LIMIT 100;",popular_actor
"SELECT cast_info.note, cast_info.id, cast_info.nr_order, cast_info.person_role_id FROM cast_info  WHERE cast_info.role_id BETWEEN 5.75 AND 6.25 AND cast_info.nr_order < 47.87 AND cast_info.note LIKE 'sample' ORDER BY cast_info.note LIMIT 100;",popular_actor
SELECT cast_info.role_id FROM cast_info  WHERE cast_info.person_role_id < 67.98 AND cast_info.note = 'sample' AND cast_info.id < 88.5 AND cast_info.role_id BETWEEN 5.75 AND 6.25 ORDER BY cast_info.role_id LIMIT 100;,movie_cast
"SELECT cast_info.id, cast_info.nr_order, cast_info.person_id, cast_info.person_role_id, cast_info.movie_id, cast_info.role_id FROM cast_info  WHERE cast_info.person_id > 4 AND cast_info.person_role_id > 44.35 AND cast_info.movie_id > 15.99 AND cast_info.nr_order < 35.73 ORDER BY cast_info.movie_id LIMIT 100;",popular_actor
"SELECT cast_info.nr_order, cast_info.note, cast_info.person_id, cast_info.role_id FROM cast_info  WHERE cast_info.person_role_id > 43.12 AND cast_info.movie_id < 4306328.64 AND cast_info.role_id BETWEEN 5.75 AND 6.25 AND cast_info.id > 50.22 ORDER BY cast_info.role_id LIMIT 100;",award_season
SELECT cast_info.role_id FROM cast_info  WHERE cast_info.person_role_id < 8.05 AND cast_info.note = 'sample' AND cast_info.id < 35.57 AND cast_info.role_id BETWEEN 5.75 AND 6.25 ORDER BY cast_info.role_id LIMIT 100;,award_season
SELECT cast_info.person_role_id FROM cast_info  WHERE cast_info.person_role_id BETWEEN 1428854.79 AND 1711485.21 AND cast_info.movie_id > 4174004.28 AND cast_info.id BETWEEN 16491177.61 AND 19753168.39 AND cast_info.role_id > NULL ORDER BY cast_info.person_role_id LIMIT 100;,award_season
"SELECT cast_info.role_id, cast_info.nr_order, cast_info.id, cast_info.person_role_id, cast_info.movie_id, cast_info.note FROM cast_info  WHERE cast_info.note LIKE 'sample' AND cast_info.movie_id < 4699422.91 AND cast_info.person_id < 50000 AND cast_info.nr_order < 90.95 ORDER BY cast_info.movie_id LIMIT 100;",award_season
"SELECT cast_info.id, cast_info.person_role_id, cast_info.role_id, cast_info.nr_order, cast_info.movie_id FROM cast_info  WHERE cast_info.id BETWEEN 16491177.61 AND 19753168.39 AND cast_info.movie_id < 124198.4 AND cast_info.nr_order BETWEEN 446319266.0 AND 669478899.0 ORDER BY cast_info.id LIMIT 100;",multi_criteria
"SELECT cast_info.movie_id, cast_info.person_id, cast_info.id, cast_info.note, cast_info.nr_order, cast_info.person_role_id FROM cast_info  WHERE cast_info.person_id > 146132.37 AND cast_info.id > 44.38 AND cast_info.person_role_id > 73.68 AND cast_info.role_id BETWEEN 5.75 AND 6.25 ORDER BY cast_info.person_id LIMIT 100;",multi_criteria
SELECT cast_info.person_id FROM cast_info  WHERE cast_info.person_id > 176524.75 AND cast_info.note LIKE 'sample' AND cast_info.person_role_id < 68.09 ORDER BY cast_info.person_id LIMIT 100;,multi_criteria
"SELECT cast_info.role_id, cast_info.nr_order, cast_info.id, cast_info.movie_id FROM cast_info  WHERE cast_info.nr_order < 52.54 AND cast_info.note = 'sample' AND cast_info.movie_id BETWEEN 1199838.65 AND 1326137.35 ORDER BY cast_info.movie_id LIMIT 100;",role_search
"SELECT cast_info.note, cast_info.person_role_id, cast_info.nr_order, cast_info.role_id, cast_info.movie_id FROM cast_info  WHERE cast_info.person_role_id BETWEEN 1444556.48 AND 1695783.52 AND cast_info.id < 40.83 AND cast_info.note = 'sample' ORDER BY cast_info.person_role_id LIMIT 100;",movie_cast
"SELECT cast_info.person_id, cast_info.role_id FROM cast_info  WHERE cast_info.id > 66.27 AND cast_info.role_id BETWEEN 5.75 AND 6.25 AND cast_info.person_role_id BETWEEN 1444556.48 AND 1695783.52 AND cast_info.movie_id < 1 ORDER BY cast_info.role_id LIMIT 100;",movie_cast
"SELECT cast_info.note, cast_info.nr_order, cast_info.role_id, cast_info.id, cast_info.movie_id, cast_info.person_id FROM cast_info  WHERE cast_info.person_id > 5654 AND cast_info.movie_id < 9.42 AND cast_info.person_role_id < 69.63 AND cast_info.nr_order < 63.95 ORDER BY cast_info.person_id LIMIT 100;",popular_actor
"SELECT cast_info.person_role_id, cast_info.id, cast_info.person_id, cast_info.note, cast_info.nr_order, cast_info.movie_id FROM cast_info  WHERE cast_info.person_id < 1 AND cast_info.note LIKE 'sample' AND cast_info.role_id BETWEEN 5.75 AND 6.25 AND cast_info.id < 57.16 ORDER BY cast_info.nr_order LIMIT 100;",popular_actor
"SELECT cast_info.nr_order, cast_info.note, cast_info.person_id, cast_info.role_id FROM cast_info  WHERE cast_info.person_role_id > 38.62 AND cast_info.movie_id < 4215895.95 AND cast_info.role_id BETWEEN 5.75 AND 6.25 AND cast_info.id > 24.3 ORDER BY cast_info.role_id LIMIT 100;",award_season
"SELECT cast_info.note, cast_info.id, cast_info.role_id, cast_info.person_id, cast_info.nr_order FROM cast_info  WHERE cast_info.role_id BETWEEN 5.75 AND 6.25 AND cast_info.nr_order < 46.13 AND cast_info.note = 'sample' ORDER BY cast_info.nr_order LIMIT 100;",role_search
SELECT cast_info.person_id FROM cast_info  WHERE cast_info.person_id > 59.16 AND cast_info.note LIKE 'sample' AND cast_info.person_role_id < 48.18 ORDER BY cast_info.person_id LIMIT 100;,movie_cast
"SELECT cast_info.note, cast_info.id, cast_info.movie_id, cast_info.nr_order, cast_info.person_role_id, cast_info.person_id FROM cast_info  WHERE cast_info.note LIKE 'sample' AND cast_info.person_role_id BETWEEN 1444556.48 AND 1695783.52 AND cast_info.role_id < 11.6 AND cast_info.nr_order < 37.48 ORDER BY cast_info.person_id LIMIT 100;",role_search
"SELECT cast_info.role_id, cast_info.nr_order, cast_info.id, cast_info.movie_id FROM cast_info  WHERE cast_info.nr_order < 20.96 AND cast_info.note = 'sample' AND cast_info.movie_id BETWEEN 1199838.65 AND 1326137.35 ORDER BY cast_info.movie_id LIMIT 100;",role_search
SELECT cast_info.movie_id FROM cast_info  WHERE cast_info.note LIKE 'sample' AND cast_info.person_role_id < 28.36 ORDER BY cast_info.movie_id LIMIT 100;,award_season
"SELECT cast_info.note, cast_info.person_role_id, cast_info.person_id, cast_info.movie_id, cast_info.id, cast_info.nr_order FROM cast_info  WHERE cast_info.person_id BETWEEN 1990344.76 AND 2071583.24 AND cast_info.id BETWEEN 16309955.9 AND 19934390.1 ORDER BY cast_info.note LIMIT 100;",movie_cast
"SELECT cast_info.note, cast_info.role_id FROM cast_info  WHERE cast_info.nr_order < 12.61 AND cast_info.person_role_id BETWEEN 1428854.79 AND 1711485.21 AND cast_info.note LIKE 'sample' ORDER BY cast_info.note LIMIT 100;",multi_criteria
"SELECT cast_info.note, cast_info.movie_id, cast_info.person_role_id FROM cast_info  WHERE cast_info.movie_id > 49.44 AND cast_info.nr_order < 53.8 ORDER BY cast_info.note LIMIT 100;",popular_actor
SELECT cast_info.note FROM cast_info  WHERE cast_info.role_id > 7.65 AND cast_info.person_id BETWEEN 2010654.38 AND 2051273.62 ORDER BY cast_info.note LIMIT 100;,role_search
"SELECT cast_info.movie_id, cast_info.person_role_id, cast_info.nr_order FROM cast_info  WHERE cast_info.nr_order > 48.08 AND cast_info.note LIKE 'sample' AND cast_info.person_role_id < 82.79 ORDER BY cast_info.movie_id LIMIT 100;",popular_actor
"SELECT cast_info.person_id, cast_info.movie_id, cast_info.person_role_id, cast_info.note, cast_info.nr_order, cast_info.id FROM cast_info  WHERE cast_info.id > 21.85 ORDER BY cast_info.movie_id LIMIT 100;",movie_cast
SELECT cast_info.id FROM cast_info  WHERE cast_info.person_role_id > 25.95 AND cast_info.note = 'sample' ORDER BY cast_info.id LIMIT 100;,multi_criteria
"SELECT cast_info.person_role_id, cast_info.id, cast_info.role_id, cast_info.nr_order, cast_info.note, cast_info.movie_id FROM cast_info  WHERE cast_info.person_role_id > 78.18 ORDER BY cast_info.id LIMIT 100;",award_season
"SELECT cast_info.person_role_id, cast_info.id, cast_info.person_id, cast_info.note, cast_info.nr_order, cast_info.movie_id FROM cast_info  WHERE cast_info.person_id < 508659.83 AND cast_info.note LIKE 'sample' AND cast_info.role_id BETWEEN 5.75 AND 6.25 AND cast_info.id < 52.18 ORDER BY cast_info.nr_order LIMIT 100;",multi_criteria
"SELECT cast_info.id, cast_info.person_role_id, cast_info.role_id, cast_info.nr_order, cast_info.movie_id FROM cast_info  WHERE cast_info.id BETWEEN 16491177.61 AND 19753168.39 AND cast_info.movie_id < 525590.76 AND cast_info.nr_order BETWEEN 446319266.0 AND 669478899.0 ORDER BY cast_info.id LIMIT 100;",multi_criteria
"SELECT cast_info.person_id, cast_info.id, cast_info.note, cast_info.person_role_id, cast_info.nr_order, cast_info.movie_id FROM cast_info  WHERE cast_info.movie_id BETWEEN 1225098.39 AND 1300877.61 AND cast_info.id BETWEEN 17034842.74 AND 19209503.26 AND cast_info.person_id > 2 ORDER BY cast_info.person_id LIMIT 100;",popular_actor
"SELECT cast_info.nr_order, cast_info.role_id, cast_info.id, cast_info.movie_id, cast_info.note FROM cast_info  WHERE cast_info.person_role_id < 79.18 ORDER BY cast_info.movie_id LIMIT 100;",popular_actor
"SELECT cast_info.note, cast_info.id, cast_info.nr_order, cast_info.person_role_id FROM cast_info  WHERE cast_info.role_id BETWEEN 5.75 AND 6.25 AND cast_info.nr_order < 28.92 AND cast_info.note LIKE 'sample' ORDER BY cast_info.note LIMIT 100;",role_search
"SELECT cast_info.note, cast_info.person_role_id, cast_info.id, cast_info.movie_id, cast_info.nr_order FROM cast_info  WHERE cast_info.person_role_id > 21.59 ORDER BY cast_info.nr_order LIMIT 100;",award_season
"SELECT cast_info.note, cast_info.movie_id, cast_info.id FROM cast_info  WHERE cast_info.person_role_id < 56.24 AND cast_info.nr_order BETWEEN 490951192.6 AND 624846972.4 AND cast_info.note LIKE 'sample' ORDER BY cast_info.note LIMIT 100;",popular_actor
"SELECT cast_info.person_role_id, cast_info.person_id, cast_info.note FROM cast_info  WHERE cast_info.movie_id BETWEEN 1225098.39 AND 1300877.61 AND cast_info.nr_order BETWEEN 463056238.475 AND 652741926.525 AND cast_info.role_id BETWEEN 5.75 AND 6.25 ORDER BY cast_info.person_id LIMIT 100;",multi_criteria
"SELECT cast_info.person_id, cast_info.movie_id, cast_info.person_role_id, cast_info.note, cast_info.nr_order, cast_info.id FROM cast_info  WHERE cast_info.id > 96.25 ORDER BY cast_info.movie_id LIMIT 100;",role_search
"SELECT cast_info.note, cast_info.id, cast_info.role_id, cast_info.person_id, cast_info.nr_order FROM cast_info  WHERE cast_info.role_id BETWEEN 5.75 AND 6.25 AND cast_info.nr_order < 4.12 AND cast_info.note = 'sample' ORDER BY cast_info.nr_order LIMIT 100;",award_season
"SELECT cast_info.nr_order, cast_info.role_id, cast_info.person_role_id, cast_info.note, cast_info.person_id FROM cast_info  WHERE cast_info.person_id < 673049.09 AND cast_info.role_id BETWEEN 5.75 AND 6.25 AND cast_info.person_role_id BETWEEN 1444556.48 AND 1695783.52 AND cast_info.movie_id > 1067929.14 ORDER BY cast_info.role_id LIMIT 100;",multi_criteria
"SELECT cast_info.nr_order, cast_info.person_id FROM cast_info  WHERE cast_info.nr_order > 44.97 AND cast_info.role_id BETWEEN 5.75 AND 6.25 AND cast_info.person_role_id > 5.97 ORDER BY cast_info.nr_order LIMIT 100;",role_search
SELECT cast_info.id FROM cast_info  WHERE cast_info.person_role_id > 61.33 AND cast_info.note = 'sample' ORDER BY cast_info.id LIMIT 100;,role_search
"SELECT cast_info.movie_id, cast_info.nr_order, cast_info.role_id, cast_info.note FROM cast_info  WHERE cast_info.movie_id > 48.72 AND cast_info.person_id BETWEEN 1970035.14 AND 2091892.86 ORDER BY cast_info.movie_id LIMIT 100;",popular_actor
"SELECT cast_info.movie_id, cast_info.id, cast_info.nr_order, cast_info.note, cast_info.role_id, cast_info.person_id FROM cast_info  WHERE cast_info.id < 88.94 AND cast_info.person_role_id BETWEEN 1428854.79 AND 1711485.21 AND cast_info.movie_id < 1 AND cast_info.nr_order < 11.99 ORDER BY cast_info.role_id LIMIT 100;",movie_cast
SELECT cast_info.nr_order FROM cast_info  WHERE cast_info.person_id > 436740.9 AND cast_info.role_id < NULL AND cast_info.nr_order < 42.43 AND cast_info.note = 'sample' ORDER BY cast_info.nr_order LIMIT 100;,multi_criteria
"SELECT cast_info.note, cast_info.id, cast_info.role_id, cast_info.person_id, cast_info.nr_order FROM cast_info  WHERE cast_info.role_id BETWEEN 5.75 AND 6.25 AND cast_info.nr_order < -0.57 AND cast_info.note = 'sample' ORDER BY cast_info.nr_order LIMIT 100;",multi_criteria
"SELECT cast_info.movie_id, cast_info.person_id FROM cast_info  WHERE cast_info.person_role_id < 15.51 AND cast_info.nr_order < 67.73 AND cast_info.movie_id < 78.53 ORDER BY cast_info.person_id LIMIT 100;",popular_actor
"SELECT cast_info.movie_id, cast_info.person_role_id, cast_info.nr_order FROM cast_info  WHERE cast_info.nr_order > 91.3 AND cast_info.note LIKE 'sample' AND cast_info.person_role_id < 71.15 ORDER BY cast_info.movie_id LIMIT 100;",role_search
"SELECT cast_info.person_role_id, cast_info.note, cast_info.role_id, cast_info.movie_id FROM cast_info  WHERE cast_info.person_role_id BETWEEN 1444556.48 AND 1695783.52 AND cast_info.id > 19.86 AND cast_info.person_id > 991861.99 AND cast_info.movie_id < 265160.69 ORDER BY cast_info.movie_id LIMIT 100;",multi_criteria
"SELECT cast_info.note, cast_info.movie_id, cast_info.nr_order FROM cast_info  WHERE cast_info.nr_order BETWEEN 412845321.05 AND 702952843.95 AND cast_info.person_id < 1 AND cast_info.id BETWEEN 16853621.03 AND 19390724.97 ORDER BY cast_info.note LIMIT 100;",award_season
"SELECT cast_info.role_id, cast_info.nr_order, cast_info.person_id, cast_info.movie_id, cast_info.id FROM cast_info  WHERE cast_info.note LIKE 'sample' ORDER BY cast_info.movie_id LIMIT 100;",multi_criteria
"SELECT cast_info.note, cast_info.id, cast_info.role_id, cast_info.person_id, cast_info.nr_order FROM cast_info  WHERE cast_info.role_id BETWEEN 5.75 AND 6.25 AND cast_info.nr_order < 47.18 AND cast_info.note = 'sample' ORDER BY cast_info.nr_order LIMIT 100;",role_search
"SELECT cast_info.note, cast_info.person_role_id, cast_info.person_id, cast_info.role_id, cast_info.nr_order FROM cast_info  WHERE cast_info.person_id > 17.69 AND cast_info.id > 16.96 AND cast_info.nr_order > 5.83 AND cast_info.person_role_id > 15.35 ORDER BY cast_info.role_id LIMIT 100;",movie_cast
"SELECT cast_info.nr_order, cast_info.person_id FROM cast_info  WHERE cast_info.nr_order > 63.44 AND cast_info.role_id BETWEEN 5.75 AND 6.25 AND cast_info.person_role_id > 41.93 ORDER BY cast_info.nr_order LIMIT 100;",popular_actor
"SELECT cast_info.person_role_id, cast_info.id, cast_info.movie_id, cast_info.person_id, cast_info.note, cast_info.nr_order FROM cast_info  WHERE cast_info.person_id > 5 ORDER BY cast_info.person_role_id LIMIT 100;",award_season
"SELECT cast_info.role_id, cast_info.id, cast_info.person_role_id, cast_info.movie_id, cast_info.person_id FROM cast_info  WHERE cast_info.person_role_id < 63.23 ORDER BY cast_info.id LIMIT 100;",multi_criteria
"SELECT cast_info.movie_id, cast_info.nr_order, cast_info.role_id, cast_info.note FROM cast_info  WHERE cast_info.movie_id > 1 AND cast_info.person_id BETWEEN 1970035.14 AND 2091892.86 ORDER BY cast_info.movie_id LIMIT 100;",movie_cast
"SELECT cast_info.note, cast_info.person_role_id, cast_info.nr_order, cast_info.role_id, cast_info.movie_id FROM cast_info  WHERE cast_info.person_role_id BETWEEN 1444556.48 AND 1695783.52 AND cast_info.id < 16.4 AND cast_info.note = 'sample' ORDER BY cast_info.person_role_id LIMIT 100;",movie_cast
"SELECT cast_info.role_id, cast_info.nr_order FROM cast_info  WHERE cast_info.movie_id > 1 AND cast_info.person_id BETWEEN 1929415.9 AND 2132512.1 AND cast_info.role_id < 93.22 AND cast_info.nr_order < 11.54 ORDER BY cast_info.nr_order LIMIT 100;",movie_cast
"SELECT cast_info.note, cast_info.nr_order FROM cast_info  WHERE cast_info.movie_id BETWEEN 1212468.52 AND 1313507.48 AND cast_info.person_role_id < 15.41 AND cast_info.note LIKE 'sample' ORDER BY cast_info.note LIMIT 100;",movie_cast
"SELECT cast_info.note, cast_info.movie_id, cast_info.id FROM cast_info  WHERE cast_info.person_role_id < 38.69 AND cast_info.nr_order BETWEEN 490951192.6 AND 624846972.4 AND cast_info.note LIKE 'sample' ORDER BY cast_info.note LIMIT 100;",role_search
"SELECT cast_info.person_role_id, cast_info.person_id, cast_info.role_id FROM cast_info  WHERE cast_info.person_role_id > 58.23 AND cast_info.nr_order < 12.41 ORDER BY cast_info.person_role_id LIMIT 100;",movie_cast
"SELECT cast_info.person_id, cast_info.role_id, cast_info.nr_order FROM cast_info  WHERE cast_info.id BETWEEN 16853621.03 AND 19390724.97 AND cast_info.nr_order < 75.26 AND cast_info.note = 'sample' AND cast_info.person_role_id > 11.56 ORDER BY cast_info.nr_order LIMIT 100;",role_search
"SELECT cast_info.note, cast_info.movie_id, cast_info.nr_order FROM cast_info  WHERE cast_info.nr_order BETWEEN 412845321.05 AND 702952843.95 AND cast_info.person_id < 7 AND cast_info.id BETWEEN 16853621.03 AND 19390724.97 ORDER BY cast_info.note LIMIT 100;",popular_actor
"SELECT cast_info.movie_id, cast_info.id, cast_info.nr_order, cast_info.note, cast_info.role_id, cast_info.person_id FROM cast_info  WHERE cast_info.id < 74.57 AND cast_info.person_role_id BETWEEN 1428854.79 AND 1711485.21 AND cast_info.movie_id < 74.23 AND cast_info.nr_order < 29.71 ORDER BY cast_info.role_id LIMIT 100;",popular_actor
"SELECT cast_info.nr_order, cast_info.role_id, cast_info.person_id, cast_info.movie_id, cast_info.note, cast_info.person_role_id FROM cast_info  WHERE cast_info.id < 8.51 AND cast_info.movie_id > 305668.83 ORDER BY cast_info.nr_order LIMIT 100;",multi_criteria
"SELECT cast_info.role_id, cast_info.id, cast_info.person_role_id, cast_info.movie_id, cast_info.person_id FROM cast_info  WHERE cast_info.person_role_id < 92.2 ORDER BY cast_info.id LIMIT 100;",popular_actor
SELECT cast_info.person_role_id FROM cast_info  WHERE cast_info.person_role_id BETWEEN 1428854.79 AND 1711485.21 AND cast_info.movie_id > 2 AND cast_info.id BETWEEN 16491177.61 AND 19753168.39 AND cast_info.role_id > 59.57 ORDER BY cast_info.person_role_id LIMIT 100;,movie_cast
"SELECT cast_info.note, cast_info.nr_order FROM cast_info  WHERE cast_info.movie_id BETWEEN 1212468.52 AND 1313507.48 AND cast_info.person_role_id < 38.97 AND cast_info.note LIKE 'sample' ORDER BY cast_info.note LIMIT 100;",popular_actor
"SELECT cast_info.note, cast_info.movie_id, cast_info.person_role_id, cast_info.nr_order FROM cast_info  WHERE cast_info.note = 'sample' AND cast_info.role_id > NULL AND cast_info.person_id < 1 AND cast_info.nr_order < 1.44 ORDER BY cast_info.nr_order LIMIT 100;",popular_actor
"SELECT cast_info.note, cast_info.person_role_id, cast_info.person_id, cast_info.role_id, cast_info.nr_order FROM cast_info  WHERE cast_info.person_id > 30.96 AND cast_info.id > 98.63 AND cast_info.nr_order > 9.57 AND cast_info.person_role_id > 20.77 ORDER BY cast_info.role_id LIMIT 100;",movie_cast
SELECT cast_info.movie_id FROM cast_info  WHERE cast_info.person_id < 436397.38 ORDER BY cast_info.movie_id LIMIT 100;,multi_criteria
"SELECT cast_info.person_role_id, cast_info.person_id, cast_info.note FROM cast_info  WHERE cast_info.movie_id BETWEEN 1225098.39 AND 1300877.61 AND cast_info.nr_order BETWEEN 463056238.475 AND 652741926.525 AND cast_info.role_id BETWEEN 5.75 AND 6.25 ORDER BY cast_info.person_id LIMIT 100;",movie_cast
"SELECT cast_info.note, cast_info.person_role_id, cast_info.nr_order, cast_info.id, cast_info.role_id, cast_info.person_id FROM cast_info  WHERE cast_info.note LIKE 'sample' AND cast_info.id BETWEEN 16853621.03 AND 19390724.97 AND cast_info.movie_id > 9 AND cast_info.role_id < 86.05 ORDER BY cast_info.person_role_id LIMIT 100;",movie_cast
SELECT cast_info.person_role_id FROM cast_info  WHERE cast_info.nr_order < 64.19 ORDER BY cast_info.person_role_id LIMIT 100;,popular_actor
"SELECT cast_info.nr_order, cast_info.role_id, cast_info.id, cast_info.movie_id, cast_info.note FROM cast_info  WHERE cast_info.person_role_id < 31.62 ORDER BY cast_info.movie_id LIMIT 100;",multi_criteria
"SELECT cast_info.note, cast_info.movie_id, cast_info.nr_order FROM cast_info  WHERE cast_info.nr_order BETWEEN 412845321.05 AND 702952843.95 AND cast_info.person_id < 24.49 AND cast_info.id BETWEEN 16853621.03 AND 19390724.97 ORDER BY cast_info.note LIMIT 100;",movie_cast
SELECT cast_info.id FROM cast_info  WHERE cast_info.person_role_id > 17.32 AND cast_info.note = 'sample' ORDER BY cast_info.id LIMIT 100;,award_season
"SELECT cast_info.movie_id, cast_info.person_id, cast_info.note, cast_info.role_id, cast_info.nr_order FROM cast_info  WHERE cast_info.person_id > 17430 AND cast_info.role_id < NULL AND cast_info.id < 55.07 AND cast_info.person_role_id BETWEEN 1428854.79 AND 1711485.21 ORDER BY cast_info.note LIMIT 100;",award_season
"SELECT cast_info.role_id, cast_info.id, cast_info.person_role_id, cast_info.movie_id, cast_info.person_id FROM cast_info  WHERE cast_info.person_role_id < 27.5 ORDER BY cast_info.id LIMIT 100;",award_season
"SELECT cast_info.note, cast_info.id, cast_info.role_id, cast_info.person_id, cast_info.nr_order FROM cast_info  WHERE cast_info.role_id BETWEEN 5.75 AND 6.25 AND cast_info.nr_order < 51.52 AND cast_info.note = 'sample' ORDER BY cast_info.nr_order LIMIT 100;",role_search
"SELECT cast_info.person_id, cast_info.role_id FROM cast_info  WHERE cast_info.id > 84.43 AND cast_info.role_id BETWEEN 5.75 AND 6.25 AND cast_info.person_role_id BETWEEN 1444556.48 AND 1695783.52 AND cast_info.movie_id < 65.43 ORDER BY cast_info.role_id LIMIT 100;",role_search
"SELECT cast_info.note, cast_info.nr_order, cast_info.role_id, cast_info.person_role_id FROM cast_info  WHERE cast_info.id BETWEEN 16672399.32 AND 19571946.68 AND cast_info.movie_id BETWEEN 1262988.0 AND 1262988.0 AND cast_info.nr_order < 10.75 AND cast_info.role_id > NULL ORDER BY cast_info.nr_order LIMIT 100;",award_season
"SELECT cast_info.note, cast_info.person_role_id, cast_info.nr_order, cast_info.role_id, cast_info.movie_id FROM cast_info  WHERE cast_info.person_role_id BETWEEN 1444556.48 AND 1695783.52 AND cast_info.id < 41.05 AND cast_info.note = 'sample' ORDER BY cast_info.person_role_id LIMIT 100;",movie_cast
"SELECT cast_info.person_role_id, cast_info.id, cast_info.role_id, cast_info.nr_order, cast_info.note, cast_info.movie_id FROM cast_info  WHERE cast_info.person_role_id > 31.07 ORDER BY cast_info.id LIMIT 100;",movie_cast
"SELECT cast_info.nr_order, cast_info.person_id FROM cast_info  WHERE cast_info.nr_order > 12.63 AND cast_info.role_id BETWEEN 5.75 AND 6.25 AND cast_info.person_role_id > 29.38 ORDER BY cast_info.nr_order LIMIT 100;",multi_criteria
"SELECT cast_info.note, cast_info.person_role_id, cast_info.nr_order, cast_info.role_id, cast_info.movie_id FROM cast_info  WHERE cast_info.person_role_id BETWEEN 1444556.48 AND 1695783.52 AND cast_info.id < 3.27 AND cast_info.note = 'sample' ORDER BY cast_info.person_role_id LIMIT 100;",role_search
"SELECT cast_info.person_role_id, cast_info.person_id, cast_info.note, cast_info.id FROM cast_info  WHERE cast_info.note = 'sample' AND cast_info.person_role_id < 17.84 AND cast_info.person_id BETWEEN 1929415.9 AND 2132512.1 ORDER BY cast_info.id LIMIT 100;",popular_actor
"SELECT cast_info.note, cast_info.person_role_id, cast_info.person_id, cast_info.movie_id, cast_info.id, cast_info.nr_order FROM cast_info  WHERE cast_info.person_id BETWEEN 1990344.76 AND 2071583.24 AND cast_info.id BETWEEN 16309955.9 AND 19934390.1 ORDER BY cast_info.note LIMIT 100;",role_search
"SELECT cast_info.id, cast_info.person_role_id, cast_info.role_id, cast_info.movie_id FROM cast_info  WHERE cast_info.nr_order > -4.01 AND cast_info.person_id < 51189.04 AND cast_info.person_role_id BETWEEN 1460258.17 AND 1680081.83 ORDER BY cast_info.id LIMIT 100;",multi_criteria
"SELECT cast_info.note, cast_info.id, cast_info.movie_id, cast_info.nr_order, cast_info.person_role_id, cast_info.person_id FROM cast_info  WHERE cast_info.note LIKE 'sample' AND cast_info.person_role_id BETWEEN 1444556.48 AND 1695783.52 AND cast_info.role_id < 5.48 AND cast_info.nr_order < 25.49 ORDER BY cast_info.person_id LIMIT 100;",role_search
"SELECT cast_info.person_role_id, cast_info.nr_order, cast_info.movie_id, cast_info.note FROM cast_info  WHERE cast_info.movie_id BETWEEN 1212468.52 AND 1313507.48 AND cast_info.person_role_id < 39.76 AND cast_info.nr_order < 55.75 ORDER BY cast_info.note LIMIT 100;",popular_actor
"SELECT cast_info.movie_id, cast_info.id, cast_info.role_id, cast_info.note, cast_info.nr_order FROM cast_info  WHERE cast_info.note = 'sample' ORDER BY cast_info.note LIMIT 100;",role_search
SELECT cast_info.person_id FROM cast_info  WHERE cast_info.person_id > 2182660.5 AND cast_info.note LIKE 'sample' AND cast_info.person_role_id < 45.24 ORDER BY cast_info.person_id LIMIT 100;,role_search
"SELECT cast_info.note, cast_info.movie_id, cast_info.id FROM cast_info  WHERE cast_info.person_role_id < 3.55 AND cast_info.nr_order BETWEEN 490951192.6 AND 624846972.4 AND cast_info.note LIKE 'sample' ORDER BY cast_info.note LIMIT 100;",popular_actor
"SELECT cast_info.note, cast_info.role_id FROM cast_info  WHERE cast_info.nr_order < 60.63 AND cast_info.person_role_id BETWEEN 1428854.79 AND 1711485.21 AND cast_info.note LIKE 'sample' ORDER BY cast_info.note LIMIT 100;",popular_actor
SELECT cast_info.nr_order FROM cast_info  WHERE cast_info.person_id BETWEEN 1990344.76 AND 2071583.24 ORDER BY cast_info.nr_order LIMIT 100;,award_season
"SELECT cast_info.nr_order, cast_info.note, cast_info.id FROM cast_info  WHERE cast_info.role_id > NULL ORDER BY cast_info.id LIMIT 100;",award_season
"SELECT cast_info.movie_id, cast_info.person_id, cast_info.note, cast_info.role_id, cast_info.nr_order FROM cast_info  WHERE cast_info.person_id > 71.02 AND cast_info.role_id < 95.6 AND cast_info.id < 50.74 AND cast_info.person_role_id BETWEEN 1428854.79 AND 1711485.21 ORDER BY cast_info.note LIMIT 100;",movie_cast
"SELECT cast_info.person_id, cast_info.person_role_id, cast_info.role_id, cast_info.movie_id FROM cast_info  WHERE cast_info.id < 98.58 AND cast_info.note LIKE 'sample' AND cast_info.person_role_id BETWEEN 1460258.17 AND 1680081.83 AND cast_info.nr_order < 74.21 ORDER BY cast_info.person_role_id LIMIT 100;",award_season
SELECT cast_info.id FROM cast_info  WHERE cast_info.movie_id < 87.92 AND cast_info.note = 'sample' ORDER BY cast_info.id LIMIT 100;,role_search
"SELECT cast_info.id, cast_info.role_id, cast_info.person_role_id, cast_info.movie_id FROM cast_info  WHERE cast_info.movie_id BETWEEN 1237728.26 AND 1288247.74 AND cast_info.role_id < 11.58 AND cast_info.person_id < 3589842.23 ORDER BY cast_info.movie_id LIMIT 100;",role_search
"SELECT cast_info.note, cast_info.movie_id, cast_info.id FROM cast_info  WHERE cast_info.person_role_id < 44.34 AND cast_info.nr_order BETWEEN 490951192.6 AND 624846972.4 AND cast_info.note LIKE 'sample' ORDER BY cast_info.note LIMIT 100;",movie_cast
"SELECT cast_info.note, cast_info.person_role_id, cast_info.person_id, cast_info.movie_id, cast_info.id, cast_info.nr_order FROM cast_info  WHERE cast_info.person_id BETWEEN 1990344.76 AND 2071583.24 AND cast_info.id BETWEEN 16309955.9 AND 19934390.1 ORDER BY cast_info.note LIMIT 100;",movie_cast
"SELECT cast_info.id, cast_info.person_id FROM cast_info  WHERE cast_info.movie_id > 4524860.57 AND cast_info.person_id > 3970 ORDER BY cast_info.person_id LIMIT 100;",award_season
SELECT cast_info.role_id FROM cast_info  WHERE cast_info.nr_order > 35.2 ORDER BY cast_info.role_id LIMIT 100;,popular_actor
"SELECT cast_info.id, cast_info.person_id FROM cast_info  WHERE cast_info.movie_id > 1427644.01 AND cast_info.person_id > 179319.2 ORDER BY cast_info.person_id LIMIT 100;",multi_criteria
"SELECT cast_info.note, cast_info.movie_id, cast_info.id FROM cast_info  WHERE cast_info.person_role_id < 16.83 AND cast_info.nr_order BETWEEN 490951192.6 AND 624846972.4 AND cast_info.note LIKE 'sample' ORDER BY cast_info.note LIMIT 100;",movie_cast
"SELECT cast_info.role_id, cast_info.id, cast_info.person_role_id, cast_info.movie_id, cast_info.person_id FROM cast_info  WHERE cast_info.person_role_id < 17.62 ORDER BY cast_info.id LIMIT 100;",popular_actor
"SELECT cast_info.movie_id, cast_info.person_id, cast_info.note, cast_info.role_id, cast_info.nr_order FROM cast_info  WHERE cast_info.person_id > 3 AND cast_info.role_id < NULL AND cast_info.id < 17.53 AND cast_info.person_role_id BETWEEN 1428854.79 AND 1711485.21 ORDER BY cast_info.note LIMIT 100;",popular_actor
"SELECT cast_info.note, cast_info.movie_id, cast_info.person_role_id, cast_info.nr_order FROM cast_info  WHERE cast_info.note = 'sample' AND cast_info.role_id > 5.23 AND cast_info.person_id < 123685.28 AND cast_info.nr_order < 44.34 ORDER BY cast_info.nr_order LIMIT 100;",role_search
"SELECT cast_info.person_role_id, cast_info.id, cast_info.movie_id, cast_info.person_id, cast_info.note, cast_info.nr_order FROM cast_info  WHERE cast_info.person_id > 74.92 ORDER BY cast_info.person_role_id LIMIT 100;",movie_cast
"SELECT cast_info.person_id, cast_info.role_id, cast_info.id, cast_info.person_role_id FROM cast_info  WHERE cast_info.movie_id > 25.61 AND cast_info.person_id > 394 AND cast_info.person_role_id < 43.72 AND cast_info.id < 51.94 ORDER BY cast_info.id LIMIT 100;",popular_actor
"SELECT cast_info.id, cast_info.nr_order FROM cast_info  WHERE cast_info.id > 20.63 AND cast_info.nr_order BETWEEN 429582293.525 AND 686215871.475 AND cast_info.note LIKE 'sample' ORDER BY cast_info.nr_order LIMIT 100;",role_search
"SELECT cast_info.nr_order, cast_info.id, cast_info.person_role_id FROM cast_info  WHERE cast_info.id BETWEEN 17034842.74 AND 19209503.26 AND cast_info.movie_id < 1309871.42 AND cast_info.role_id < NULL AND cast_info.person_id BETWEEN 1990344.76 AND 2071583.24 ORDER BY cast_info.person_role_id LIMIT 100;",multi_criteria
"SELECT cast_info.person_id, cast_info.movie_id, cast_info.person_role_id, cast_info.note, cast_info.nr_order, cast_info.id FROM cast_info  WHERE cast_info.id > 91.4 ORDER BY cast_info.movie_id LIMIT 100;",multi_criteria
"SELECT cast_info.note, cast_info.nr_order, cast_info.role_id, cast_info.id, cast_info.movie_id, cast_info.person_id FROM cast_info  WHERE cast_info.person_id > 8 AND cast_info.movie_id < 73.93 AND cast_info.person_role_id < 1.8 AND cast_info.nr_order < 12.58 ORDER BY cast_info.person_id LIMIT 100;",popular_actor
"SELECT cast_info.movie_id, cast_info.id, cast_info.role_id, cast_info.note, cast_info.nr_order FROM cast_info  WHERE cast_info.note = 'sample' ORDER BY cast_info.note LIMIT 100;",multi_criteria
"SELECT cast_info.nr_order, cast_info.note, cast_info.id, cast_info.person_id, cast_info.movie_id, cast_info.role_id FROM cast_info  WHERE cast_info.role_id BETWEEN 5.75 AND 6.25 AND cast_info.id > 37.09 AND cast_info.person_role_id BETWEEN 1428854.79 AND 1711485.21 ORDER BY cast_info.role_id LIMIT 100;",multi_criteria
"SELECT cast_info.note, cast_info.nr_order, cast_info.role_id, cast_info.id, cast_info.movie_id, cast_info.person_id FROM cast_info  WHERE cast_info.person_id > 50000 AND cast_info.movie_id < 4667429.55 AND cast_info.person_role_id < 84.33 AND cast_info.nr_order < 82.58 ORDER BY cast_info.person_id LIMIT 100;",award_season
"SELECT cast_info.nr_order, cast_info.role_id, cast_info.person_id, cast_info.movie_id, cast_info.note, cast_info.person_role_id FROM cast_info  WHERE cast_info.id < 47.63 AND cast_info.movie_id > 1911539.57 ORDER BY cast_info.nr_order LIMIT 100;",multi_criteria
"SELECT cast_info.id, cast_info.nr_order FROM cast_info  WHERE cast_info.id > 83.89 AND cast_info.nr_order BETWEEN 429582293.525 AND 686215871.475 AND cast_info.note LIKE 'sample' ORDER BY cast_info.nr_order LIMIT 100;",role_search
"SELECT cast_info.note, cast_info.id, cast_info.movie_id, cast_info.nr_order, cast_info.person_role_id, cast_info.person_id FROM cast_info  WHERE cast_info.note LIKE 'sample' AND cast_info.person_role_id BETWEEN 1444556.48 AND 1695783.52 AND cast_info.role_id < 10.9 AND cast_info.nr_order < 98.26 ORDER BY cast_info.person_id LIMIT 100;",role_search
"SELECT cast_info.movie_id, cast_info.person_role_id, cast_info.note, cast_info.role_id, cast_info.person_id FROM cast_info  WHERE cast_info.note = 'sample' AND cast_info.role_id BETWEEN 5.75 AND 6.25 ORDER BY cast_info.role_id LIMIT 100;",award_season
"SELECT cast_info.person_id, cast_info.note, cast_info.id, cast_info.nr_order, cast_info.movie_id FROM cast_info  WHERE cast_info.person_id < 1 ORDER BY cast_info.person_id LIMIT 100;",popular_actor
"SELECT cast_info.role_id, cast_info.id FROM cast_info  WHERE cast_info.movie_id > 4318216.0 ORDER BY cast_info.role_id LIMIT 100;",award_season
SELECT cast_info.role_id FROM cast_info  WHERE cast_info.nr_order > 40.98 ORDER BY cast_info.role_id LIMIT 100;,award_season
"SELECT cast_info.person_role_id, cast_info.person_id, cast_info.note FROM cast_info  WHERE cast_info.movie_id BETWEEN 1225098.39 AND 1300877.61 AND cast_info.nr_order BETWEEN 463056238.475 AND 652741926.525 AND cast_info.role_id BETWEEN 5.75 AND 6.25 ORDER BY cast_info.person_id LIMIT 100;",popular_actor
"SELECT cast_info.note, cast_info.nr_order FROM cast_info  WHERE cast_info.movie_id BETWEEN 1212468.52 AND 1313507.48 AND cast_info.person_role_id < 72.76 AND cast_info.note LIKE 'sample' ORDER BY cast_info.note LIMIT 100;",role_search
"SELECT cast_info.person_id, cast_info.role_id FROM cast_info  WHERE cast_info.id > 23.37 AND cast_info.role_id BETWEEN 5.75 AND 6.25 AND cast_info.person_role_id BETWEEN 1444556.48 AND 1695783.52 AND cast_info.movie_id < 1 ORDER BY cast_info.role_id LIMIT 100;",movie_cast
"SELECT cast_info.role_id, cast_info.nr_order FROM cast_info  WHERE cast_info.movie_id > 1189423.41 AND cast_info.person_id BETWEEN 1929415.9 AND 2132512.1 AND cast_info.role_id < NULL AND cast_info.nr_order < 5.55 ORDER BY cast_info.nr_order LIMIT 100;",multi_criteria
"SELECT cast_info.nr_order, cast_info.person_id FROM cast_info  WHERE cast_info.nr_order > 7.15 AND cast_info.role_id BETWEEN 5.75 AND 6.25 AND cast_info.person_role_id > 30.36 ORDER BY cast_info.nr_order LIMIT 100;",popular_actor
SELECT cast_info.movie_id FROM cast_info  WHERE cast_info.id > 93.89 AND cast_info.person_role_id > 84.84 ORDER BY cast_info.movie_id LIMIT 100;,popular_actor
SELECT cast_info.id FROM cast_info  WHERE cast_info.person_role_id > 59.48 AND cast_info.note = 'sample' ORDER BY cast_info.id LIMIT 100;,popular_actor
"SELECT cast_info.note, cast_info.movie_id, cast_info.person_role_id FROM cast_info  WHERE cast_info.movie_id > 22.52 AND cast_info.nr_order < 50.57 ORDER BY cast_info.note LIMIT 100;",popular_actor
SELECT cast_info.role_id FROM cast_info  WHERE cast_info.person_role_id < 69.9 AND cast_info.note = 'sample' AND cast_info.id < 54.99 AND cast_info.role_id BETWEEN 5.75 AND 6.25 ORDER BY cast_info.role_id LIMIT 100;,multi_criteria
"SELECT cast_info.movie_id, cast_info.id, cast_info.nr_order, cast_info.note, cast_info.role_id, cast_info.person_id FROM cast_info  WHERE cast_info.id < 74.97 AND cast_info.person_role_id BETWEEN 1428854.79 AND 1711485.21 AND cast_info.movie_id < 99.24 AND cast_info.nr_order < 22.86 ORDER BY cast_info.role_id LIMIT 100;",role_search
SELECT cast_info.id FROM cast_info  WHERE cast_info.movie_id < 2 AND cast_info.note = 'sample' ORDER BY cast_info.id LIMIT 100;,movie_cast
"SELECT cast_info.person_role_id, cast_info.person_id, cast_info.role_id FROM cast_info  WHERE cast_info.person_role_id > 19.12 AND cast_info.nr_order < 16.93 ORDER BY cast_info.person_role_id LIMIT 100;",popular_actor
"SELECT cast_info.role_id, cast_info.nr_order, cast_info.person_id, cast_info.movie_id, cast_info.id FROM cast_info  WHERE cast_info.note LIKE 'sample' ORDER BY cast_info.movie_id LIMIT 100;",movie_cast
"SELECT cast_info.nr_order, cast_info.role_id, cast_info.person_role_id, cast_info.note, cast_info.person_id FROM cast_info  WHERE cast_info.person_id < 44.87 AND cast_info.role_id BETWEEN 5.75 AND 6.25 AND cast_info.person_role_id BETWEEN 1444556.48 AND 1695783.52 AND cast_info.movie_id > 1 ORDER BY cast_info.role_id LIMIT 100;",movie_cast
"SELECT cast_info.person_role_id, cast_info.nr_order FROM cast_info  WHERE cast_info.role_id < NULL ORDER BY cast_info.nr_order LIMIT 100;",award_season
SELECT cast_info.nr_order FROM cast_info  WHERE cast_info.person_id > 588272.7 AND cast_info.role_id < NULL AND cast_info.nr_order < 4.91 AND cast_info.note = 'sample' ORDER BY cast_info.nr_order LIMIT 100;,multi_criteria
"SELECT cast_info.person_role_id, cast_info.person_id, cast_info.role_id FROM cast_info  WHERE cast_info.person_role_id > 90.72 AND cast_info.nr_order < 53.48 ORDER BY cast_info.person_role_id LIMIT 100;",popular_actor
"SELECT cast_info.id, cast_info.person_role_id, cast_info.role_id, cast_info.nr_order, cast_info.movie_id FROM cast_info  WHERE cast_info.id BETWEEN 16491177.61 AND 19753168.39 AND cast_info.movie_id < 8.4 AND cast_info.nr_order BETWEEN 446319266.0 AND 669478899.0 ORDER BY cast_info.id LIMIT 100;",role_search
"SELECT cast_info.person_id, cast_info.person_role_id, cast_info.movie_id, cast_info.role_id FROM cast_info  WHERE cast_info.movie_id BETWEEN 1212468.52 AND 1313507.48 AND cast_info.person_id BETWEEN 1990344.76 AND 2071583.24 ORDER BY cast_info.person_role_id LIMIT 100;",multi_criteria
"SELECT cast_info.id, cast_info.movie_id, cast_info.person_role_id, cast_info.nr_order FROM cast_info  WHERE cast_info.person_role_id BETWEEN 1413153.1 AND 1727186.9 AND cast_info.note = 'sample' AND cast_info.id BETWEEN 17216064.45 AND 19028281.55 ORDER BY cast_info.id LIMIT 100;",multi_criteria
"SELECT cast_info.person_id, cast_info.role_id, cast_info.person_role_id, cast_info.note, cast_info.movie_id, cast_info.nr_order FROM cast_info  WHERE cast_info.role_id BETWEEN 5.75 AND 6.25 AND cast_info.nr_order > 30.0 ORDER BY cast_info.nr_order LIMIT 100;",multi_criteria
"SELECT cast_info.nr_order, cast_info.role_id, cast_info.person_id, cast_info.movie_id, cast_info.note, cast_info.person_role_id FROM cast_info  WHERE cast_info.id < 56.29 AND cast_info.movie_id > 88.45 ORDER BY cast_info.nr_order LIMIT 100;",popular_actor
"SELECT cast_info.note, cast_info.movie_id, cast_info.id FROM cast_info  WHERE cast_info.person_role_id < 60.29 AND cast_info.nr_order BETWEEN 490951192.6 AND 624846972.4 AND cast_info.note LIKE 'sample' ORDER BY cast_info.note LIMIT 100;",popular_actor
"SELECT cast_info.person_role_id, cast_info.person_id, cast_info.note FROM cast_info  WHERE cast_info.movie_id BETWEEN 1225098.39 AND 1300877.61 AND cast_info.nr_order BETWEEN 463056238.475 AND 652741926.525 AND cast_info.role_id BETWEEN 5.75 AND 6.25 ORDER BY cast_info.person_id LIMIT 100;",movie_cast
SELECT cast_info.note FROM cast_info  WHERE cast_info.role_id > 26.76 AND cast_info.person_id BETWEEN 2010654.38 AND 2051273.62 ORDER BY cast_info.note LIMIT 100;,movie_cast
"SELECT cast_info.person_id, cast_info.role_id FROM cast_info  WHERE cast_info.id > 62.56 AND cast_info.role_id BETWEEN 5.75 AND 6.25 AND cast_info.person_role_id BETWEEN 1444556.48 AND 1695783.52 AND cast_info.movie_id < 62.73 ORDER BY cast_info.role_id LIMIT 100;",popular_actor
"SELECT cast_info.person_role_id, cast_info.id, cast_info.role_id, cast_info.nr_order, cast_info.note, cast_info.movie_id FROM cast_info  WHERE cast_info.person_role_id > 76.85 ORDER BY cast_info.id LIMIT 100;",role_search
"SELECT cast_info.note, cast_info.movie_id, cast_info.person_role_id, cast_info.nr_order FROM cast_info  WHERE cast_info.note = 'sample' AND cast_info.role_id > NULL AND cast_info.person_id < 26 AND cast_info.nr_order < 32.15 ORDER BY cast_info.nr_order LIMIT 100;",award_season
SELECT cast_info.movie_id FROM cast_info  WHERE cast_info.note LIKE 'sample' AND cast_info.person_role_id < 65.53 ORDER BY cast_info.movie_id LIMIT 100;,popular_actor
SELECT cast_info.nr_order FROM cast_info  WHERE cast_info.person_id > 632293.26 AND cast_info.role_id < NULL AND cast_info.nr_order < 19.34 AND cast_info.note = 'sample' ORDER BY cast_info.nr_order LIMIT 100;,multi_criteria
"SELECT cast_info.id, cast_info.person_id FROM cast_info  WHERE cast_info.movie_id > 746400.5 AND cast_info.person_id > 747519.28 ORDER BY cast_info.person_id LIMIT 100;",multi_criteria
"SELECT cast_info.note, cast_info.person_role_id, cast_info.id, cast_info.movie_id, cast_info.nr_order FROM cast_info  WHERE cast_info.person_role_id > 30.63 ORDER BY cast_info.nr_order LIMIT 100;",popular_actor
SELECT cast_info.role_id FROM cast_info  WHERE cast_info.nr_order > 11.75 ORDER BY cast_info.role_id LIMIT 100;,movie_cast
"SELECT cast_info.person_id, cast_info.role_id, cast_info.person_role_id, cast_info.note, cast_info.movie_id, cast_info.nr_order FROM cast_info  WHERE cast_info.role_id BETWEEN 5.75 AND 6.25 AND cast_info.nr_order > 10.03 ORDER BY cast_info.nr_order LIMIT 100;",movie_cast
"SELECT cast_info.role_id, cast_info.note FROM cast_info  WHERE cast_info.id BETWEEN 16672399.32 AND 19571946.68 ORDER BY cast_info.note LIMIT 100;",award_season
SELECT cast_info.nr_order FROM cast_info  WHERE cast_info.person_id > 1624488.16 AND cast_info.role_id < 19.15 AND cast_info.nr_order < 28.97 AND cast_info.note = 'sample' ORDER BY cast_info.nr_order LIMIT 100;,role_search
"SELECT cast_info.movie_id, cast_info.nr_order, cast_info.role_id, cast_info.note FROM cast_info  WHERE cast_info.movie_id > 21.45 AND cast_info.person_id BETWEEN 1970035.14 AND 2091892.86 ORDER BY cast_info.movie_id LIMIT 100;",role_search
"SELECT cast_info.person_id, cast_info.nr_order, cast_info.id, cast_info.movie_id FROM cast_info  WHERE cast_info.nr_order < 46.57 AND cast_info.person_role_id BETWEEN 1491661.55 AND 1648678.45 AND cast_info.note LIKE 'sample' ORDER BY cast_info.person_id LIMIT 100;",role_search
"SELECT cast_info.note, cast_info.person_role_id, cast_info.nr_order, cast_info.id, cast_info.role_id, cast_info.person_id FROM cast_info  WHERE cast_info.note LIKE 'sample' AND cast_info.id BETWEEN 16853621.03 AND 19390724.97 AND cast_info.movie_id > 93.68 AND cast_info.role_id < NULL ORDER BY cast_info.person_role_id LIMIT 100;",popular_actor
"SELECT cast_info.person_id, cast_info.id, cast_info.note, cast_info.person_role_id, cast_info.nr_order, cast_info.movie_id FROM cast_info  WHERE cast_info.movie_id BETWEEN 1225098.39 AND 1300877.61 AND cast_info.id BETWEEN 17034842.74 AND 19209503.26 AND cast_info.person_id > 3 ORDER BY cast_info.person_id LIMIT 100;",popular_actor
SELECT cast_info.person_role_id FROM cast_info  WHERE cast_info.nr_order < 70.05 ORDER BY cast_info.person_role_id LIMIT 100;,role_search
"SELECT cast_info.movie_id, cast_info.person_id FROM cast_info  WHERE cast_info.person_role_id < 5.58 AND cast_info.nr_order < 93.17 AND cast_info.movie_id < 12.72 ORDER BY cast_info.person_id LIMIT 100;",role_search
SELECT cast_info.note FROM cast_info  WHERE cast_info.nr_order > 5.2 ORDER BY cast_info.note LIMIT 100;,movie_cast
"SELECT cast_info.note, cast_info.role_id FROM cast_info  WHERE cast_info.nr_order < 94.45 AND cast_info.person_role_id BETWEEN 1428854.79 AND 1711485.21 AND cast_info.note LIKE 'sample' ORDER BY cast_info.note LIMIT 100;",award_season
"SELECT cast_info.movie_id, cast_info.person_role_id, cast_info.note, cast_info.role_id, cast_info.person_id FROM cast_info  WHERE cast_info.note = 'sample' AND cast_info.role_id BETWEEN 5.75 AND 6.25 ORDER BY cast_info.role_id LIMIT 100;",role_search
"SELECT cast_info.id, cast_info.person_role_id, cast_info.role_id, cast_info.movie_id FROM cast_info  WHERE cast_info.nr_order > 22.24 AND cast_info.person_id < 292 AND cast_info.person_role_id BETWEEN 1460258.17 AND 1680081.83 ORDER BY cast_info.id LIMIT 100;",award_season
"SELECT cast_info.nr_order, cast_info.person_id FROM cast_info  WHERE cast_info.nr_order > 52.36 AND cast_info.role_id BETWEEN 5.75 AND 6.25 AND cast_info.person_role_id > 88.73 ORDER BY cast_info.nr_order LIMIT 100;",award_season
"SELECT cast_info.note, cast_info.person_role_id, cast_info.id, cast_info.movie_id, cast_info.nr_order FROM cast_info  WHERE cast_info.person_role_id > 53.82 ORDER BY cast_info.nr_order LIMIT 100;",award_season
"SELECT cast_info.id, cast_info.nr_order FROM cast_info  WHERE cast_info.id > 17.61 AND cast_info.nr_order BETWEEN 429582293.525 AND 686215871.475 AND cast_info.note LIKE 'sample' ORDER BY cast_info.nr_order LIMIT 100;",movie_cast
"SELECT cast_info.note, cast_info.id, cast_info.nr_order, cast_info.person_role_id FROM cast_info  WHERE cast_info.role_id BETWEEN 5.75 AND 6.25 AND cast_info.nr_order < 36.17 AND cast_info.note LIKE 'sample' ORDER BY cast_info.note LIMIT 100;",role_search
"SELECT cast_info.note, cast_info.movie_id, cast_info.person_role_id, cast_info.person_id, cast_info.role_id, cast_info.id FROM cast_info  WHERE cast_info.id BETWEEN 16672399.32 AND 19571946.68 ORDER BY cast_info.note LIMIT 100;",award_season
"SELECT cast_info.role_id, cast_info.nr_order, cast_info.person_id, cast_info.movie_id, cast_info.id FROM cast_info  WHERE cast_info.note LIKE 'sample' ORDER BY cast_info.movie_id LIMIT 100;",role_search
SELECT cast_info.nr_order FROM cast_info  WHERE cast_info.person_id BETWEEN 1990344.76 AND 2071583.24 ORDER BY cast_info.nr_order LIMIT 100;,role_search
"SELECT cast_info.nr_order, cast_info.role_id, cast_info.id, cast_info.movie_id, cast_info.note FROM cast_info  WHERE cast_info.person_role_id < 15.37 ORDER BY cast_info.movie_id LIMIT 100;",multi_criteria
"SELECT cast_info.person_role_id, cast_info.id, cast_info.person_id, cast_info.note, cast_info.nr_order, cast_info.movie_id FROM cast_info  WHERE cast_info.person_id < 2936593.8 AND cast_info.note LIKE 'sample' AND cast_info.role_id BETWEEN 5.75 AND 6.25 AND cast_info.id < 75.62 ORDER BY cast_info.nr_order LIMIT 100;",role_search
"SELECT cast_info.nr_order, cast_info.note, cast_info.id FROM cast_info  WHERE cast_info.role_id > NULL ORDER BY cast_info.id LIMIT 100;",award_season
"SELECT cast_info.note, cast_info.movie_id, cast_info.person_role_id, cast_info.nr_order FROM cast_info  WHERE cast_info.note = 'sample' AND cast_info.role_id > NULL AND cast_info.person_id < 2 AND cast_info.nr_order < 25.28 ORDER BY cast_info.nr_order LIMIT 100;",popular_actor
"SELECT cast_info.person_id, cast_info.movie_id, cast_info.note, cast_info.nr_order FROM cast_info  WHERE cast_info.movie_id BETWEEN 1262988.0 AND 1262988.0 AND cast_info.person_role_id BETWEEN 1428854.79 AND 1711485.21 ORDER BY cast_info.movie_id LIMIT 100;",multi_criteria
"SELECT cast_info.nr_order, cast_info.id FROM cast_info  WHERE cast_info.person_role_id BETWEEN 1413153.1 AND 1727186.9 ORDER BY cast_info.nr_order LIMIT 100;",award_season
"SELECT cast_info.role_id, cast_info.nr_order FROM cast_info  WHERE cast_info.movie_id > 4525450.87 AND cast_info.person_id BETWEEN 1929415.9 AND 2132512.1 AND cast_info.role_id < NULL AND cast_info.nr_order < 30.74 ORDER BY cast_info.nr_order LIMIT 100;",award_season
SELECT cast_info.nr_order FROM cast_info  WHERE cast_info.nr_order < 27.84 AND cast_info.person_role_id < 15.18 AND cast_info.id < 55.69 ORDER BY cast_info.nr_order LIMIT 100;,popular_actor
"SELECT cast_info.nr_order, cast_info.role_id, cast_info.person_id, cast_info.movie_id, cast_info.note, cast_info.person_role_id FROM cast_info  WHERE cast_info.id < 93.2 AND cast_info.movie_id > 35.6 ORDER BY cast_info.nr_order LIMIT 100;",role_search
"SELECT cast_info.person_id, cast_info.person_role_id, cast_info.role_id, cast_info.movie_id FROM cast_info  WHERE cast_info.id < 45.09 AND cast_info.note LIKE 'sample' AND cast_info.person_role_id BETWEEN 1460258.17 AND 1680081.83 AND cast_info.nr_order < 66.38 ORDER BY cast_info.person_role_id LIMIT 100;",role_search
"SELECT cast_info.movie_id, cast_info.person_id, cast_info.id, cast_info.note, cast_info.nr_order, cast_info.person_role_id FROM cast_info  WHERE cast_info.person_id > 424520.28 AND cast_info.id > 13.15 AND cast_info.person_role_id > 27.85 AND cast_info.role_id BETWEEN 5.75 AND 6.25 ORDER BY cast_info.person_id LIMIT 100;",multi_criteria
"SELECT cast_info.note, cast_info.person_role_id, cast_info.nr_order, cast_info.id, cast_info.role_id, cast_info.person_id FROM cast_info  WHERE cast_info.note LIKE 'sample' AND cast_info.id BETWEEN 16853621.03 AND 19390724.97 AND cast_info.movie_id > 95.76 AND cast_info.role_id < 19.26 ORDER BY cast_info.person_role_id LIMIT 100;",role_search
"SELECT cast_info.id, cast_info.note, cast_info.nr_order, cast_info.role_id, cast_info.person_role_id, cast_info.movie_id FROM cast_info  WHERE cast_info.person_role_id > 28.53 ORDER BY cast_info.nr_order LIMIT 100;",movie_cast
"SELECT cast_info.person_role_id, cast_info.person_id, cast_info.note, cast_info.id FROM cast_info  WHERE cast_info.note = 'sample' AND cast_info.person_role_id < 71.83 AND cast_info.person_id BETWEEN 1929415.9 AND 2132512.1 ORDER BY cast_info.id LIMIT 100;",multi_criteria
"SELECT cast_info.person_id, cast_info.movie_id, cast_info.note FROM cast_info  WHERE cast_info.movie_id BETWEEN 1225098.39 AND 1300877.61 ORDER BY cast_info.movie_id LIMIT 100;",award_season
"SELECT cast_info.person_id, cast_info.note, cast_info.id, cast_info.nr_order, cast_info.movie_id FROM cast_info  WHERE cast_info.person_id < 2733215.14 ORDER BY cast_info.person_id LIMIT 100;",role_search
"SELECT cast_info.person_role_id, cast_info.id, cast_info.person_id, cast_info.note, cast_info.nr_order, cast_info.movie_id FROM cast_info  WHERE cast_info.person_id < 3 AND cast_info.note LIKE 'sample' AND cast_info.role_id BETWEEN 5.75 AND 6.25 AND cast_info.id < 83.65 ORDER BY cast_info.nr_order LIMIT 100;",popular_actor
"SELECT cast_info.id, cast_info.movie_id, cast_info.role_id, cast_info.person_id, cast_info.person_role_id, cast_info.nr_order FROM cast_info  WHERE cast_info.person_role_id < 2.06 ORDER BY cast_info.nr_order LIMIT 100;",award_season
"SELECT cast_info.person_id, cast_info.role_id, cast_info.nr_order FROM cast_info  WHERE cast_info.id BETWEEN 16853621.03 AND 19390724.97 AND cast_info.nr_order < -6.83 AND cast_info.note = 'sample' AND cast_info.person_role_id > 11.01 ORDER BY cast_info.nr_order LIMIT 100;",movie_cast
"SELECT cast_info.movie_id, cast_info.person_role_id, cast_info.note, cast_info.role_id, cast_info.person_id FROM cast_info  WHERE cast_info.note = 'sample' AND cast_info.role_id BETWEEN 5.75 AND 6.25 ORDER BY cast_info.role_id LIMIT 100;",award_season
"SELECT cast_info.id, cast_info.person_role_id, cast_info.role_id, cast_info.nr_order, cast_info.movie_id FROM cast_info  WHERE cast_info.id BETWEEN 16491177.61 AND 19753168.39 AND cast_info.movie_id < 667184.91 AND cast_info.nr_order BETWEEN 446319266.0 AND 669478899.0 ORDER BY cast_info.id LIMIT 100;",multi_criteria
"SELECT cast_info.person_role_id, cast_info.person_id, cast_info.note FROM cast_info  WHERE cast_info.movie_id BETWEEN 1225098.39 AND 1300877.61 AND cast_info.nr_order BETWEEN 463056238.475 AND 652741926.525 AND cast_info.role_id BETWEEN 5.75 AND 6.25 ORDER BY cast_info.person_id LIMIT 100;",multi_criteria
SELECT cast_info.movie_id FROM cast_info  WHERE cast_info.note LIKE 'sample' AND cast_info.person_role_id < 14.47 ORDER BY cast_info.movie_id LIMIT 100;,popular_actor
"SELECT cast_info.nr_order, cast_info.role_id, cast_info.person_id, cast_info.movie_id, cast_info.note, cast_info.person_role_id FROM cast_info  WHERE cast_info.id < 18.78 AND cast_info.movie_id > 32.49 ORDER BY cast_info.nr_order LIMIT 100;",role_search
"SELECT cast_info.id, cast_info.note, cast_info.nr_order, cast_info.role_id, cast_info.person_role_id, cast_info.movie_id FROM cast_info  WHERE cast_info.person_role_id > 63.87 ORDER BY cast_info.nr_order LIMIT 100;",multi_criteria
"SELECT cast_info.role_id, cast_info.nr_order, cast_info.id, cast_info.movie_id FROM cast_info  WHERE cast_info.nr_order < 93.29 AND cast_info.note = 'sample' AND cast_info.movie_id BETWEEN 1199838.65 AND 1326137.35 ORDER BY cast_info.movie_id LIMIT 100;",popular_actor
"SELECT cast_info.person_role_id, cast_info.id, cast_info.person_id, cast_info.note, cast_info.nr_order, cast_info.movie_id FROM cast_info  WHERE cast_info.person_id < 94.31 AND cast_info.note LIKE 'sample' AND cast_info.role_id BETWEEN 5.75 AND 6.25 AND cast_info.id < 36.19 ORDER BY cast_info.nr_order LIMIT 100;",movie_cast
"SELECT cast_info.role_id, cast_info.nr_order, cast_info.id, cast_info.person_role_id, cast_info.movie_id, cast_info.note FROM cast_info  WHERE cast_info.note LIKE 'sample' AND cast_info.movie_id < 4200147.72 AND cast_info.person_id < 79 AND cast_info.nr_order < 16.61 ORDER BY cast_info.movie_id LIMIT 100;",award_season
"SELECT cast_info.note, cast_info.id, cast_info.movie_id, cast_info.nr_order, cast_info.person_role_id, cast_info.person_id FROM cast_info  WHERE cast_info.note LIKE 'sample' AND cast_info.person_role_id BETWEEN 1444556.48 AND 1695783.52 AND cast_info.role_id < 15.51 AND cast_info.nr_order < 80.71 ORDER BY cast_info.person_id LIMIT 100;",role_search
SELECT cast_info.role_id FROM cast_info  WHERE cast_info.person_role_id < 93.21 AND cast_info.note = 'sample' AND cast_info.id < 94.22 AND cast_info.role_id BETWEEN 5.75 AND 6.25 ORDER BY cast_info.role_id LIMIT 100;,movie_cast
"SELECT cast_info.person_role_id, cast_info.id, cast_info.role_id, cast_info.nr_order, cast_info.person_id, cast_info.note FROM cast_info  WHERE cast_info.nr_order BETWEEN 412845321.05 AND 702952843.95 AND cast_info.role_id BETWEEN 5.75 AND 6.25 AND cast_info.movie_id BETWEEN 1225098.39 AND 1300877.61 AND cast_info.person_id > 1.05 ORDER BY cast_info.nr_order LIMIT 100;",movie_cast
"SELECT cast_info.person_role_id, cast_info.nr_order FROM cast_info  WHERE cast_info.role_id < 67.52 ORDER BY cast_info.nr_order LIMIT 100;",movie_cast
"SELECT cast_info.movie_id, cast_info.id, cast_info.note FROM cast_info  WHERE cast_info.nr_order < 39.67 AND cast_info.role_id > 10.16 AND cast_info.person_role_id < 96.05 ORDER BY cast_info.id LIMIT 100;",role_search
"SELECT cast_info.person_role_id, cast_info.id, cast_info.role_id, cast_info.nr_order, cast_info.note, cast_info.movie_id FROM cast_info  WHERE cast_info.person_role_id > 35.36 ORDER BY cast_info.id LIMIT 100;",role_search
"SELECT cast_info.id, cast_info.role_id, cast_info.person_role_id, cast_info.movie_id FROM cast_info  WHERE cast_info.movie_id BETWEEN 1237728.26 AND 1288247.74 AND cast_info.role_id < NULL AND cast_info.person_id < 434954.03 ORDER BY cast_info.movie_id LIMIT 100;",multi_criteria
SELECT cast_info.id FROM cast_info  WHERE cast_info.person_role_id > 8.95 AND cast_info.note = 'sample' ORDER BY cast_info.id LIMIT 100;,role_search
SELECT cast_info.person_role_id FROM cast_info  WHERE cast_info.person_role_id BETWEEN 1428854.79 AND 1711485.21 AND cast_info.movie_id > 66.23 AND cast_info.id BETWEEN 16491177.61 AND 19753168.39 AND cast_info.role_id > 2.09 ORDER BY cast_info.person_role_id LIMIT 100;,role_search
"SELECT cast_info.person_id, cast_info.id, cast_info.nr_order, cast_info.movie_id, cast_info.role_id FROM cast_info  WHERE cast_info.person_role_id < 15.52 AND cast_info.note LIKE 'sample' AND cast_info.nr_order > 23.43 ORDER BY cast_info.nr_order LIMIT 100;",award_season
"SELECT cast_info.note, cast_info.person_role_id, cast_info.id, cast_info.movie_id, cast_info.nr_order FROM cast_info  WHERE cast_info.person_role_id > 25.85 ORDER BY cast_info.nr_order LIMIT 100;",multi_criteria
"SELECT cast_info.id, cast_info.nr_order FROM cast_info  WHERE cast_info.id > 85.63 AND cast_info.nr_order BETWEEN 429582293.525 AND 686215871.475 AND cast_info.note LIKE 'sample' ORDER BY cast_info.nr_order LIMIT 100;",popular_actor
"SELECT cast_info.person_id, cast_info.role_id FROM cast_info  WHERE cast_info.nr_order > 6.47 AND cast_info.id < 23.31 ORDER BY cast_info.person_id LIMIT 100;",movie_cast
"SELECT cast_info.note, cast_info.nr_order, cast_info.role_id, cast_info.person_role_id FROM cast_info  WHERE cast_info.id BETWEEN 16672399.32 AND 19571946.68 AND cast_info.movie_id BETWEEN 1262988.0 AND 1262988.0 AND cast_info.nr_order < 23.69 AND cast_info.role_id > 9.13 ORDER BY cast_info.nr_order LIMIT 100;",role_search
"SELECT cast_info.person_role_id, cast_info.id, cast_info.movie_id, cast_info.person_id, cast_info.note, cast_info.nr_order FROM cast_info  WHERE cast_info.person_id > 85 ORDER BY cast_info.person_role_id LIMIT 100;",award_season
"SELECT cast_info.movie_id, cast_info.person_id, cast_info.id, cast_info.note, cast_info.nr_order, cast_info.person_role_id FROM cast_info  WHERE cast_info.person_id > 72.94 AND cast_info.id > 32.6 AND cast_info.person_role_id > 6.99 AND cast_info.role_id BETWEEN 5.75 AND 6.25 ORDER BY cast_info.person_id LIMIT 100;",movie_cast
"SELECT cast_info.person_role_id, cast_info.note, cast_info.role_id, cast_info.movie_id FROM cast_info  WHERE cast_info.person_role_id BETWEEN 1444556.48 AND 1695783.52 AND cast_info.id > 8.59 AND cast_info.person_id > 1 AND cast_info.movie_id < 17.38 ORDER BY cast_info.movie_id LIMIT 100;",popular_actor
"SELECT cast_info.note, cast_info.movie_id, cast_info.person_role_id, cast_info.nr_order FROM cast_info  WHERE cast_info.note = 'sample' AND cast_info.role_id > NULL AND cast_info.person_id < 120 AND cast_info.nr_order < 29.97 ORDER BY cast_info.nr_order LIMIT 100;",award_season
"SELECT cast_info.role_id, cast_info.person_id, cast_info.nr_order, cast_info.person_role_id, cast_info.movie_id FROM cast_info  WHERE cast_info.movie_id BETWEEN 1250358.13 AND 1275617.87 AND cast_info.person_role_id > 40.21 AND cast_info.person_id > 87126.87 AND cast_info.note = 'sample' ORDER BY cast_info.person_id LIMIT 100;",multi_criteria
"SELECT cast_info.person_id, cast_info.role_id, cast_info.person_role_id, cast_info.note, cast_info.movie_id, cast_info.nr_order FROM cast_info  WHERE cast_info.role_id BETWEEN 5.75 AND 6.25 AND cast_info.nr_order > 14.29 ORDER BY cast_info.nr_order LIMIT 100;",multi_criteria
SELECT cast_info.id FROM cast_info  WHERE cast_info.movie_id < 892133.82 AND cast_info.note = 'sample' ORDER BY cast_info.id LIMIT 100;,multi_criteria
"SELECT cast_info.note, cast_info.role_id FROM cast_info  WHERE cast_info.nr_order < 25.64 AND cast_info.person_role_id BETWEEN 1428854.79 AND 1711485.21 AND cast_info.note LIKE 'sample' ORDER BY cast_info.note LIMIT 100;",multi_criteria
"SELECT cast_info.nr_order, cast_info.note, cast_info.id, cast_info.person_id, cast_info.movie_id, cast_info.role_id FROM cast_info  WHERE cast_info.role_id BETWEEN 5.75 AND 6.25 AND cast_info.id > 76.89 AND cast_info.person_role_id BETWEEN 1428854.79 AND 1711485.21 ORDER BY cast_info.role_id LIMIT 100;",multi_criteria
"SELECT cast_info.person_role_id, cast_info.person_id, cast_info.role_id FROM cast_info  WHERE cast_info.person_role_id > 94.24 AND cast_info.nr_order < 1.66 ORDER BY cast_info.person_role_id LIMIT 100;",popular_actor
"SELECT cast_info.role_id, cast_info.nr_order, cast_info.id, cast_info.person_role_id, cast_info.movie_id, cast_info.note FROM cast_info  WHERE cast_info.note LIKE 'sample' AND cast_info.movie_id < 4507932.66 AND cast_info.person_id < 11 AND cast_info.nr_order < 48.68 ORDER BY cast_info.movie_id LIMIT 100;",award_season
SELECT cast_info.person_id FROM cast_info  WHERE cast_info.person_id > 66.24 AND cast_info.note LIKE 'sample' AND cast_info.person_role_id < 12.14 ORDER BY cast_info.person_id LIMIT 100;,movie_cast
"SELECT cast_info.movie_id, cast_info.nr_order, cast_info.role_id, cast_info.note FROM cast_info  WHERE cast_info.movie_id > 8.61 AND cast_info.person_id BETWEEN 1970035.14 AND 2091892.86 ORDER BY cast_info.movie_id LIMIT 100;",role_search
"SELECT cast_info.person_id, cast_info.role_id, cast_info.id, cast_info.person_role_id FROM cast_info  WHERE cast_info.movie_id > 51.69 AND cast_info.person_id > 1 AND cast_info.person_role_id < 11.11 AND cast_info.id < 6.06 ORDER BY cast_info.id LIMIT 100;",popular_actor
"SELECT cast_info.id, cast_info.person_role_id, cast_info.role_id, cast_info.movie_id FROM cast_info  WHERE cast_info.nr_order > 82.57 AND cast_info.person_id < 1712703.18 AND cast_info.person_role_id BETWEEN 1460258.17 AND 1680081.83 ORDER BY cast_info.id LIMIT 100;",role_search
"SELECT cast_info.person_id, cast_info.role_id FROM cast_info  WHERE cast_info.nr_order > 32.19 AND cast_info.id < 82.25 ORDER BY cast_info.person_id LIMIT 100;",multi_criteria
"SELECT cast_info.person_id, cast_info.movie_id, cast_info.note FROM cast_info  WHERE cast_info.movie_id BETWEEN 1225098.39 AND 1300877.61 ORDER BY cast_info.movie_id LIMIT 100;",popular_actor
"SELECT cast_info.note, cast_info.id, cast_info.role_id, cast_info.person_id, cast_info.nr_order FROM cast_info  WHERE cast_info.role_id BETWEEN 5.75 AND 6.25 AND cast_info.nr_order < 14.43 AND cast_info.note = 'sample' ORDER BY cast_info.nr_order LIMIT 100;",movie_cast
"SELECT cast_info.person_id, cast_info.note, cast_info.id, cast_info.nr_order, cast_info.movie_id FROM cast_info  WHERE cast_info.person_id < 29 ORDER BY cast_info.person_id LIMIT 100;",popular_actor
"SELECT cast_info.note, cast_info.person_role_id, cast_info.person_id, cast_info.role_id, cast_info.nr_order FROM cast_info  WHERE cast_info.person_id > 60830.81 AND cast_info.id > 16.16 AND cast_info.nr_order > 11.81 AND cast_info.person_role_id > 67.34 ORDER BY cast_info.role_id LIMIT 100;",multi_criteria
"SELECT cast_info.movie_id, cast_info.person_role_id, cast_info.nr_order FROM cast_info  WHERE cast_info.nr_order > 36.77 AND cast_info.note LIKE 'sample' AND cast_info.person_role_id < 97.55 ORDER BY cast_info.movie_id LIMIT 100;",popular_actor
SELECT cast_info.note FROM cast_info  WHERE cast_info.nr_order > 21.01 ORDER BY cast_info.note LIMIT 100;,popular_actor
SELECT cast_info.role_id FROM cast_info  WHERE cast_info.person_role_id < 67.22 AND cast_info.note = 'sample' AND cast_info.id < 68.75 AND cast_info.role_id BETWEEN 5.75 AND 6.25 ORDER BY cast_info.role_id LIMIT 100;,multi_criteria
"SELECT cast_info.id, cast_info.nr_order, cast_info.person_id, cast_info.person_role_id, cast_info.movie_id, cast_info.role_id FROM cast_info  WHERE cast_info.person_id > 397475.79 AND cast_info.person_role_id > 87.52 AND cast_info.movie_id > 1879258.08 AND cast_info.nr_order < 12.72 ORDER BY cast_info.movie_id LIMIT 100;",multi_criteria
"SELECT cast_info.person_role_id, cast_info.id, cast_info.role_id, cast_info.nr_order, cast_info.person_id, cast_info.note FROM cast_info  WHERE cast_info.nr_order BETWEEN 412845321.05 AND 702952843.95 AND cast_info.role_id BETWEEN 5.75 AND 6.25 AND cast_info.movie_id BETWEEN 1225098.39 AND 1300877.61 AND cast_info.person_id > 2063556.63 ORDER BY cast_info.nr_order LIMIT 100;",role_search
"SELECT cast_info.note, cast_info.nr_order FROM cast_info  WHERE cast_info.movie_id BETWEEN 1212468.52 AND 1313507.48 AND cast_info.person_role_id < 18.15 AND cast_info.note LIKE 'sample' ORDER BY cast_info.note LIMIT 100;",multi_criteria
"SELECT cast_info.note, cast_info.id, cast_info.role_id, cast_info.person_id, cast_info.nr_order FROM cast_info  WHERE cast_info.role_id BETWEEN 5.75 AND 6.25 AND cast_info.nr_order < 5.08 AND cast_info.note = 'sample' ORDER BY cast_info.nr_order LIMIT 100;",multi_criteria
"SELECT cast_info.note, cast_info.nr_order, cast_info.movie_id, cast_info.role_id, cast_info.id, cast_info.person_role_id FROM cast_info  WHERE cast_info.movie_id > 4607164.84 ORDER BY cast_info.role_id LIMIT 100;",award_season
"SELECT cast_info.role_id, cast_info.nr_order, cast_info.person_id, cast_info.movie_id, cast_info.id FROM cast_info  WHERE cast_info.note LIKE 'sample' ORDER BY cast_info.movie_id LIMIT 100;",multi_criteria
"SELECT cast_info.person_role_id, cast_info.nr_order, cast_info.note, cast_info.movie_id, cast_info.person_id FROM cast_info  WHERE cast_info.id > 30.66 AND cast_info.person_id BETWEEN 1990344.76 AND 2071583.24 AND cast_info.role_id < NULL ORDER BY cast_info.nr_order LIMIT 100;",multi_criteria
SELECT cast_info.id FROM cast_info  WHERE cast_info.person_role_id > 4.11 AND cast_info.note = 'sample' ORDER BY cast_info.id LIMIT 100;,award_season
"SELECT cast_info.role_id, cast_info.id FROM cast_info  WHERE cast_info.movie_id > 1 ORDER BY cast_info.role_id LIMIT 100;",movie_cast
"SELECT cast_info.movie_id, cast_info.id, cast_info.role_id, cast_info.note, cast_info.nr_order FROM cast_info  WHERE cast_info.note = 'sample' ORDER BY cast_info.note LIMIT 100;",role_search
"SELECT cast_info.id, cast_info.movie_id, cast_info.person_role_id, cast_info.nr_order FROM cast_info  WHERE cast_info.person_role_id BETWEEN 1413153.1 AND 1727186.9 AND cast_info.note = 'sample' AND cast_info.id BETWEEN 17216064.45 AND 19028281.55 ORDER BY cast_info.id LIMIT 100;",popular_actor
"SELECT cast_info.id, cast_info.person_role_id, cast_info.role_id, cast_info.nr_order, cast_info.movie_id FROM cast_info  WHERE cast_info.id BETWEEN 16491177.61 AND 19753168.39 AND cast_info.movie_id < 4094365.04 AND cast_info.nr_order BETWEEN 446319266.0 AND 669478899.0 ORDER BY cast_info.id LIMIT 100;",award_season
"SELECT cast_info.person_id, cast_info.id, cast_info.nr_order, cast_info.role_id FROM cast_info  WHERE cast_info.movie_id BETWEEN 1250358.13 AND 1275617.87 ORDER BY cast_info.id LIMIT 100;",multi_criteria
"SELECT cast_info.note, cast_info.movie_id, cast_info.nr_order FROM cast_info  WHERE cast_info.nr_order BETWEEN 412845321.05 AND 702952843.95 AND cast_info.person_id < 1158 AND cast_info.id BETWEEN 16853621.03 AND 19390724.97 ORDER BY cast_info.note LIMIT 100;",popular_actor
"SELECT cast_info.role_id, cast_info.nr_order, cast_info.person_id, cast_info.movie_id, cast_info.id FROM cast_info  WHERE cast_info.note LIKE 'sample' ORDER BY cast_info.movie_id LIMIT 100;",popular_actor
"SELECT cast_info.role_id, cast_info.nr_order, cast_info.id, cast_info.movie_id FROM cast_info  WHERE cast_info.nr_order < 29.67 AND cast_info.note = 'sample' AND cast_info.movie_id BETWEEN 1199838.65 AND 1326137.35 ORDER BY cast_info.movie_id LIMIT 100;",popular_actor
"SELECT cast_info.movie_id, cast_info.nr_order, cast_info.role_id, cast_info.note FROM cast_info  WHERE cast_info.movie_id > 4481890.67 AND cast_info.person_id BETWEEN 1970035.14 AND 2091892.86 ORDER BY cast_info.movie_id LIMIT 100;",award_season
"SELECT cast_info.id, cast_info.note, cast_info.nr_order, cast_info.role_id, cast_info.person_role_id, cast_info.movie_id FROM cast_info  WHERE cast_info.person_role_id > 76.67 ORDER BY cast_info.nr_order LIMIT 100;",popular_actor
"SELECT cast_info.id, cast_info.role_id, cast_info.person_role_id, cast_info.movie_id FROM cast_info  WHERE cast_info.movie_id BETWEEN 1237728.26 AND 1288247.74 AND cast_info.role_id < NULL AND cast_info.person_id < 8 ORDER BY cast_info.movie_id LIMIT 100;",award_season
"SELECT cast_info.person_id, cast_info.id, cast_info.note, cast_info.person_role_id, cast_info.nr_order, cast_info.movie_id FROM cast_info  WHERE cast_info.movie_id BETWEEN 1225098.39 AND 1300877.61 AND cast_info.id BETWEEN 17034842.74 AND 19209503.26 AND cast_info.person_id > 53.1 ORDER BY cast_info.person_id LIMIT 100;",movie_cast
"SELECT cast_info.person_id, cast_info.movie_id, cast_info.note, cast_info.nr_order FROM cast_info  WHERE cast_info.movie_id BETWEEN 1262988.0 AND 1262988.0 AND cast_info.person_role_id BETWEEN 1428854.79 AND 1711485.21 ORDER BY cast_info.movie_id LIMIT 100;",movie_cast
"SELECT cast_info.note, cast_info.person_role_id, cast_info.id, cast_info.movie_id, cast_info.nr_order FROM cast_info  WHERE cast_info.person_role_id > 99.77 ORDER BY cast_info.nr_order LIMIT 100;",movie_cast
"SELECT cast_info.person_id, cast_info.movie_id, cast_info.note FROM cast_info  WHERE cast_info.movie_id BETWEEN 1225098.39 AND 1300877.61 ORDER BY cast_info.movie_id LIMIT 100;",award_season
"SELECT cast_info.person_id, cast_info.role_id FROM cast_info  WHERE cast_info.nr_order > 30.44 AND cast_info.id < 75.74 ORDER BY cast_info.person_id LIMIT 100;",multi_criteria
"SELECT cast_info.role_id, cast_info.note, cast_info.person_id, cast_info.id, cast_info.nr_order, cast_info.movie_id FROM cast_info  WHERE cast_info.role_id BETWEEN 5.75 AND 6.25 ORDER BY cast_info.movie_id LIMIT 100;",role_search
"SELECT cast_info.role_id, cast_info.nr_order, cast_info.person_id, cast_info.movie_id, cast_info.id FROM cast_info  WHERE cast_info.note LIKE 'sample' ORDER BY cast_info.movie_id LIMIT 100;",role_search
"SELECT cast_info.id, cast_info.movie_id, cast_info.role_id, cast_info.person_id, cast_info.person_role_id, cast_info.nr_order FROM cast_info  WHERE cast_info.person_role_id < 9.03 ORDER BY cast_info.nr_order LIMIT 100;",role_search
"SELECT cast_info.movie_id, cast_info.nr_order, cast_info.role_id, cast_info.note FROM cast_info  WHERE cast_info.movie_id > 37.65 AND cast_info.person_id BETWEEN 1970035.14 AND 2091892.86 ORDER BY cast_info.movie_id LIMIT 100;",role_search
"SELECT cast_info.person_role_id, cast_info.id, cast_info.role_id, cast_info.nr_order, cast_info.note, cast_info.movie_id FROM cast_info  WHERE cast_info.person_role_id > 38.37 ORDER BY cast_info.id LIMIT 100;",award_season
SELECT cast_info.movie_id FROM cast_info  WHERE cast_info.note LIKE 'sample' AND cast_info.person_role_id < 49.27 ORDER BY cast_info.movie_id LIMIT 100;,popular_actor
"SELECT cast_info.person_role_id, cast_info.person_id, cast_info.note FROM cast_info  WHERE cast_info.movie_id BETWEEN 1225098.39 AND 1300877.61 AND cast_info.nr_order BETWEEN 463056238.475 AND 652741926.525 AND cast_info.role_id BETWEEN 5.75 AND 6.25 ORDER BY cast_info.person_id LIMIT 100;",popular_actor
"SELECT cast_info.nr_order, cast_info.note, cast_info.id FROM cast_info  WHERE cast_info.role_id > NULL ORDER BY cast_info.id LIMIT 100;",multi_criteria
"SELECT cast_info.id, cast_info.note, cast_info.nr_order, cast_info.role_id, cast_info.person_role_id, cast_info.movie_id FROM cast_info  WHERE cast_info.person_role_id > 20.0 ORDER BY cast_info.nr_order LIMIT 100;",popular_actor
"SELECT cast_info.note, cast_info.movie_id, cast_info.nr_order FROM cast_info  WHERE cast_info.nr_order BETWEEN 412845321.05 AND 702952843.95 AND cast_info.person_id < 1 AND cast_info.id BETWEEN 16853621.03 AND 19390724.97 ORDER BY cast_info.note LIMIT 100;",popular_actor
"SELECT cast_info.note, cast_info.movie_id, cast_info.person_role_id, cast_info.person_id, cast_info.role_id, cast_info.id FROM cast_info  WHERE cast_info.id BETWEEN 16672399.32 AND 19571946.68 ORDER BY cast_info.note LIMIT 100;",movie_cast
"SELECT cast_info.role_id, cast_info.note FROM cast_info  WHERE cast_info.id BETWEEN 16672399.32 AND 19571946.68 ORDER BY cast_info.note LIMIT 100;",popular_actor
"SELECT cast_info.movie_id, cast_info.id, cast_info.role_id, cast_info.note, cast_info.nr_order FROM cast_info  WHERE cast_info.note = 'sample' ORDER BY cast_info.note LIMIT 100;",role_search
"SELECT cast_info.person_id, cast_info.id, cast_info.note, cast_info.person_role_id, cast_info.nr_order, cast_info.movie_id FROM cast_info  WHERE cast_info.movie_id BETWEEN 1225098.39 AND 1300877.61 AND cast_info.id BETWEEN 17034842.74 AND 19209503.26 AND cast_info.person_id > 2392216.02 ORDER BY cast_info.person_id LIMIT 100;",role_search
SELECT cast_info.nr_order FROM cast_info  WHERE cast_info.person_id BETWEEN 1990344.76 AND 2071583.24 ORDER BY cast_info.nr_order LIMIT 100;,multi_criteria
"SELECT cast_info.id, cast_info.role_id, cast_info.person_role_id, cast_info.movie_id FROM cast_info  WHERE cast_info.movie_id BETWEEN 1237728.26 AND 1288247.74 AND cast_info.role_id < NULL AND cast_info.person_id < 6 ORDER BY cast_info.movie_id LIMIT 100;",popular_actor
"SELECT cast_info.note, cast_info.movie_id, cast_info.person_role_id, cast_info.person_id, cast_info.role_id, cast_info.id FROM cast_info  WHERE cast_info.id BETWEEN 16672399.32 AND 19571946.68 ORDER BY cast_info.note LIMIT 100;",role_search
"SELECT cast_info.note, cast_info.movie_id, cast_info.id FROM cast_info  WHERE cast_info.person_role_id < 51.63 AND cast_info.nr_order BETWEEN 490951192.6 AND 624846972.4 AND cast_info.note LIKE 'sample' ORDER BY cast_info.note LIMIT 100;",award_season
"SELECT cast_info.person_id, cast_info.id, cast_info.nr_order, cast_info.role_id FROM cast_info  WHERE cast_info.movie_id BETWEEN 1250358.13 AND 1275617.87 ORDER BY cast_info.id LIMIT 100;",movie_cast
"SELECT cast_info.person_id, cast_info.role_id FROM cast_info  WHERE cast_info.id > 31.75 AND cast_info.role_id BETWEEN 5.75 AND 6.25 AND cast_info.person_role_id BETWEEN 1444556.48 AND 1695783.52 AND cast_info.movie_id < 643489.87 ORDER BY cast_info.role_id LIMIT 100;",multi_criteria
"SELECT cast_info.movie_id, cast_info.id, cast_info.role_id, cast_info.note, cast_info.nr_order FROM cast_info  WHERE cast_info.note = 'sample' ORDER BY cast_info.note LIMIT 100;",popular_actor
"SELECT cast_info.person_id, cast_info.movie_id, cast_info.note FROM cast_info  WHERE cast_info.movie_id BETWEEN 1225098.39 AND 1300877.61 ORDER BY cast_info.movie_id LIMIT 100;",movie_cast
"SELECT cast_info.note, cast_info.person_role_id, cast_info.id, cast_info.movie_id, cast_info.nr_order FROM cast_info  WHERE cast_info.person_role_id > 61.81 ORDER BY cast_info.nr_order LIMIT 100;",award_season
"SELECT cast_info.person_role_id, cast_info.person_id, cast_info.note FROM cast_info  WHERE cast_info.movie_id BETWEEN 1225098.39 AND 1300877.61 AND cast_info.nr_order BETWEEN 463056238.475 AND 652741926.525 AND cast_info.role_id BETWEEN 5.75 AND 6.25 ORDER BY cast_info.person_id LIMIT 100;",award_season
SELECT cast_info.role_id FROM cast_info  WHERE cast_info.person_role_id < 34.31 AND cast_info.note = 'sample' AND cast_info.id < 16.85 AND cast_info.role_id BETWEEN 5.75 AND 6.25 ORDER BY cast_info.role_id LIMIT 100;,popular_actor
"SELECT cast_info.role_id, cast_info.nr_order, cast_info.id, cast_info.person_role_id, cast_info.movie_id, cast_info.note FROM cast_info  WHERE cast_info.note LIKE 'sample' AND cast_info.movie_id < 1 AND cast_info.person_id < 67.34 AND cast_info.nr_order < 19.33 ORDER BY cast_info.movie_id LIMIT 100;",movie_cast
"SELECT cast_info.person_role_id, cast_info.id, cast_info.role_id, cast_info.nr_order, cast_info.person_id, cast_info.note FROM cast_info  WHERE cast_info.nr_order BETWEEN 412845321.05 AND 702952843.95 AND cast_info.role_id BETWEEN 5.75 AND 6.25 AND cast_info.movie_id BETWEEN 1225098.39 AND 1300877.61 AND cast_info.person_id > 892747.74 ORDER BY cast_info.nr_order LIMIT 100;",multi_criteria
"SELECT cast_info.movie_id, cast_info.person_role_id, cast_info.nr_order FROM cast_info  WHERE cast_info.nr_order > 6.98 AND cast_info.note LIKE 'sample' AND cast_info.person_role_id < 45.29 ORDER BY cast_info.movie_id LIMIT 100;",movie_cast
"SELECT cast_info.person_id, cast_info.nr_order, cast_info.id, cast_info.movie_id FROM cast_info  WHERE cast_info.nr_order < 2.34 AND cast_info.person_role_id BETWEEN 1491661.55 AND 1648678.45 AND cast_info.note LIKE 'sample' ORDER BY cast_info.person_id LIMIT 100;",multi_criteria
"SELECT cast_info.person_role_id, cast_info.person_id, cast_info.role_id FROM cast_info  WHERE cast_info.person_role_id > 11.5 AND cast_info.nr_order < 6.71 ORDER BY cast_info.person_role_id LIMIT 100;",award_season
"SELECT cast_info.movie_id, cast_info.id, cast_info.nr_order, cast_info.note, cast_info.role_id, cast_info.person_id FROM cast_info  WHERE cast_info.id < 67.28 AND cast_info.person_role_id BETWEEN 1428854.79 AND 1711485.21 AND cast_info.movie_id < 42.35 AND cast_info.nr_order < 39.71 ORDER BY cast_info.role_id LIMIT 100;",role_search
"SELECT cast_info.note, cast_info.nr_order, cast_info.role_id, cast_info.person_role_id FROM cast_info  WHERE cast_info.id BETWEEN 16672399.32 AND 19571946.68 AND cast_info.movie_id BETWEEN 1262988.0 AND 1262988.0 AND cast_info.nr_order < 0.35 AND cast_info.role_id > NULL ORDER BY cast_info.nr_order LIMIT 100;",multi_criteria
"SELECT cast_info.note, cast_info.movie_id, cast_info.id FROM cast_info  WHERE cast_info.person_role_id < 22.2 AND cast_info.nr_order BETWEEN 490951192.6 AND 624846972.4 AND cast_info.note LIKE 'sample' ORDER BY cast_info.note LIMIT 100;",multi_criteria
"SELECT cast_info.note, cast_info.nr_order, cast_info.role_id, cast_info.person_role_id FROM cast_info  WHERE cast_info.id BETWEEN 16672399.32 AND 19571946.68 AND cast_info.movie_id BETWEEN 1262988.0 AND 1262988.0 AND cast_info.nr_order < 63.85 AND cast_info.role_id > 13.89 ORDER BY cast_info.nr_order LIMIT 100;",role_search
"SELECT cast_info.note, cast_info.role_id FROM cast_info  WHERE cast_info.nr_order < 0.84 AND cast_info.person_role_id BETWEEN 1428854.79 AND 1711485.21 AND cast_info.note LIKE 'sample' ORDER BY cast_info.note LIMIT 100;",movie_cast
"SELECT cast_info.person_id, cast_info.movie_id, cast_info.note FROM cast_info  WHERE cast_info.movie_id BETWEEN 1225098.39 AND 1300877.61 ORDER BY cast_info.movie_id LIMIT 100;",role_search
"SELECT cast_info.person_id, cast_info.id, cast_info.nr_order, cast_info.role_id FROM cast_info  WHERE cast_info.movie_id BETWEEN 1250358.13 AND 1275617.87 ORDER BY cast_info.id LIMIT 100;",movie_cast
"SELECT cast_info.note, cast_info.movie_id, cast_info.person_role_id, cast_info.person_id, cast_info.role_id, cast_info.id FROM cast_info  WHERE cast_info.id BETWEEN 16672399.32 AND 19571946.68 ORDER BY cast_info.note LIMIT 100;",award_season
"SELECT cast_info.nr_order, cast_info.note, cast_info.id FROM cast_info  WHERE cast_info.role_id > 18.21 ORDER BY cast_info.id LIMIT 100;",role_search
"SELECT cast_info.person_id, cast_info.movie_id, cast_info.note, cast_info.id, cast_info.nr_order, cast_info.person_role_id FROM cast_info  WHERE cast_info.movie_id > 4545861.77 AND cast_info.note = 'sample' AND cast_info.id > 28.72 ORDER BY cast_info.nr_order LIMIT 100;",award_season
"SELECT cast_info.nr_order, cast_info.note, cast_info.id FROM cast_info  WHERE cast_info.role_id > NULL ORDER BY cast_info.id LIMIT 100;",popular_actor
"SELECT cast_info.person_id, cast_info.role_id FROM cast_info  WHERE cast_info.nr_order > 50.16 AND cast_info.id < 23.77 ORDER BY cast_info.person_id LIMIT 100;",role_search
"SELECT cast_info.note, cast_info.person_role_id, cast_info.person_id, cast_info.role_id, cast_info.nr_order FROM cast_info  WHERE cast_info.person_id > 14.47 AND cast_info.id > 20.29 AND cast_info.nr_order > 5.73 AND cast_info.person_role_id > 5.37 ORDER BY cast_info.role_id LIMIT 100;",movie_cast
"SELECT cast_info.person_id, cast_info.person_role_id, cast_info.role_id, cast_info.movie_id FROM cast_info  WHERE cast_info.id < 38.06 AND cast_info.note LIKE 'sample' AND cast_info.person_role_id BETWEEN 1460258.17 AND 1680081.83 AND cast_info.nr_order < 18.61 ORDER BY cast_info.person_role_id LIMIT 100;",movie_cast
"SELECT cast_info.person_id, cast_info.person_role_id, cast_info.role_id FROM cast_info  WHERE cast_info.role_id < 24.02 AND cast_info.person_role_id > 56.41 AND cast_info.movie_id > 1 AND cast_info.id > 87.55 ORDER BY cast_info.person_id LIMIT 100;",movie_cast
"SELECT cast_info.note, cast_info.movie_id, cast_info.person_role_id, cast_info.nr_order FROM cast_info  WHERE cast_info.note = 'sample' AND cast_info.role_id > 8.82 AND cast_info.person_id < 3216178.95 AND cast_info.nr_order < 73.75 ORDER BY cast_info.nr_order LIMIT 100;",role_search
"SELECT cast_info.person_role_id, cast_info.id, cast_info.movie_id, cast_info.person_id, cast_info.note, cast_info.nr_order FROM cast_info  WHERE cast_info.person_id > 166 ORDER BY cast_info.person_role_id LIMIT 100;",award_season
SELECT cast_info.note FROM cast_info  WHERE cast_info.nr_order > 0.14 ORDER BY cast_info.note LIMIT 100;,movie_cast
"SELECT cast_info.movie_id, cast_info.id, cast_info.nr_order, cast_info.note, cast_info.role_id, cast_info.person_id FROM cast_info  WHERE cast_info.id < 19.45 AND cast_info.person_role_id BETWEEN 1428854.79 AND 1711485.21 AND cast_info.movie_id < 4420535.05 AND cast_info.nr_order < 4.08 ORDER BY cast_info.role_id LIMIT 100;",award_season
"SELECT cast_info.nr_order, cast_info.note, cast_info.person_id, cast_info.role_id FROM cast_info  WHERE cast_info.person_role_id > 15.04 AND cast_info.movie_id < 4690227.8 AND cast_info.role_id BETWEEN 5.75 AND 6.25 AND cast_info.id > 53.11 ORDER BY cast_info.role_id LIMIT 100;",award_season
SELECT cast_info.role_id FROM cast_info  WHERE cast_info.person_role_id < 75.27 AND cast_info.note = 'sample' AND cast_info.id < 55.97 AND cast_info.role_id BETWEEN 5.75 AND 6.25 ORDER BY cast_info.role_id LIMIT 100;,movie_cast
"SELECT cast_info.note, cast_info.movie_id, cast_info.id FROM cast_info  WHERE cast_info.person_role_id < 45.19 AND cast_info.nr_order BETWEEN 490951192.6 AND 624846972.4 AND cast_info.note LIKE 'sample' ORDER BY cast_info.note LIMIT 100;",movie_cast
"SELECT cast_info.person_role_id, cast_info.nr_order, cast_info.note, cast_info.movie_id, cast_info.person_id FROM cast_info  WHERE cast_info.id > 67.4 AND cast_info.person_id BETWEEN 1990344.76 AND 2071583.24 AND cast_info.role_id < NULL ORDER BY cast_info.nr_order LIMIT 100;",multi_criteria
"SELECT cast_info.movie_id, cast_info.person_role_id, cast_info.note, cast_info.role_id, cast_info.person_id FROM cast_info  WHERE cast_info.note = 'sample' AND cast_info.role_id BETWEEN 5.75 AND 6.25 ORDER BY cast_info.role_id LIMIT 100;",movie_cast
"SELECT cast_info.note, cast_info.person_role_id, cast_info.nr_order, cast_info.id, cast_info.role_id, cast_info.person_id FROM cast_info  WHERE cast_info.note LIKE 'sample' AND cast_info.id BETWEEN 16853621.03 AND 19390724.97 AND cast_info.movie_id > 1 AND cast_info.role_id < 51.52 ORDER BY cast_info.person_role_id LIMIT 100;",movie_cast
"SELECT cast_info.person_id, cast_info.movie_id, cast_info.person_role_id, cast_info.note, cast_info.nr_order, cast_info.id FROM cast_info  WHERE cast_info.id > 14.67 ORDER BY cast_info.movie_id LIMIT 100;",popular_actor
"SELECT cast_info.id, cast_info.person_role_id, cast_info.role_id, cast_info.nr_order, cast_info.movie_id FROM cast_info  WHERE cast_info.id BETWEEN 16491177.61 AND 19753168.39 AND cast_info.movie_id < 525256.98 AND cast_info.nr_order BETWEEN 446319266.0 AND 669478899.0 ORDER BY cast_info.id LIMIT 100;",multi_criteria
"SELECT cast_info.role_id, cast_info.id FROM cast_info  WHERE cast_info.movie_id > 3 ORDER BY cast_info.role_id LIMIT 100;",movie_cast
SELECT cast_info.movie_id FROM cast_info  WHERE cast_info.person_id < 8 ORDER BY cast_info.movie_id LIMIT 100;,popular_actor
"SELECT cast_info.role_id, cast_info.nr_order, cast_info.person_id, cast_info.movie_id, cast_info.id FROM cast_info  WHERE cast_info.note LIKE 'sample' ORDER BY cast_info.movie_id LIMIT 100;",movie_cast
"SELECT cast_info.person_role_id, cast_info.person_id, cast_info.note, cast_info.id FROM cast_info  WHERE cast_info.note = 'sample' AND cast_info.person_role_id < 90.09 AND cast_info.person_id BETWEEN 1929415.9 AND 2132512.1 ORDER BY cast_info.id LIMIT 100;",multi_criteria
"SELECT cast_info.person_id, cast_info.role_id, cast_info.id, cast_info.person_role_id FROM cast_info  WHERE cast_info.movie_id > 4937255.92 AND cast_info.person_id > 391 AND cast_info.person_role_id < 87.27 AND cast_info.id < 7.44 ORDER BY cast_info.id LIMIT 100;",award_season
"SELECT cast_info.role_id, cast_info.id, cast_info.person_role_id, cast_info.movie_id, cast_info.person_id FROM cast_info  WHERE cast_info.person_role_id < 66.4 ORDER BY cast_info.id LIMIT 100;",award_season
"SELECT cast_info.movie_id, cast_info.person_role_id, cast_info.nr_order FROM cast_info  WHERE cast_info.nr_order > 22.49 AND cast_info.note LIKE 'sample' AND cast_info.person_role_id < 10.81 ORDER BY cast_info.movie_id LIMIT 100;",multi_criteria
"SELECT cast_info.note, cast_info.nr_order, cast_info.role_id, cast_info.person_role_id FROM cast_info  WHERE cast_info.id BETWEEN 16672399.32 AND 19571946.68 AND cast_info.movie_id BETWEEN 1262988.0 AND 1262988.0 AND cast_info.nr_order < 11.53 AND cast_info.role_id > 21.91 ORDER BY cast_info.nr_order LIMIT 100;",movie_cast
"SELECT cast_info.person_id, cast_info.movie_id, cast_info.note, cast_info.id, cast_info.nr_order, cast_info.person_role_id FROM cast_info  WHERE cast_info.movie_id > 55.32 AND cast_info.note = 'sample' AND cast_info.id > 34.12 ORDER BY cast_info.nr_order LIMIT 100;",popular_actor
"SELECT cast_info.role_id, cast_info.nr_order FROM cast_info  WHERE cast_info.movie_id > 4998340.42 AND cast_info.person_id BETWEEN 1929415.9 AND 2132512.1 AND cast_info.role_id < NULL AND cast_info.nr_order < 63.24 ORDER BY cast_info.nr_order LIMIT 100;",award_season
"SELECT cast_info.role_id, cast_info.note, cast_info.movie_id FROM cast_info  WHERE cast_info.nr_order BETWEEN 496530183.425 AND 619267981.575 AND cast_info.id > 60.63 AND cast_info.person_role_id > 58.19 ORDER BY cast_info.movie_id LIMIT 100;",multi_criteria
"SELECT cast_info.id, cast_info.role_id, cast_info.person_role_id, cast_info.movie_id FROM cast_info  WHERE cast_info.movie_id BETWEEN 1237728.26 AND 1288247.74 AND cast_info.role_id < 45.68 AND cast_info.person_id < 20.4 ORDER BY cast_info.movie_id LIMIT 100;",movie_cast
"SELECT cast_info.note, cast_info.nr_order, cast_info.movie_id, cast_info.role_id, cast_info.id, cast_info.person_role_id FROM cast_info  WHERE cast_info.movie_id > 55.17 ORDER BY cast_info.role_id LIMIT 100;",popular_actor
SELECT cast_info.movie_id FROM cast_info  WHERE cast_info.person_id < 552633.85 ORDER BY cast_info.movie_id LIMIT 100;,multi_criteria
"SELECT cast_info.note, cast_info.person_role_id, cast_info.id, cast_info.movie_id, cast_info.nr_order FROM cast_info  WHERE cast_info.person_role_id > 94.08 ORDER BY cast_info.nr_order LIMIT 100;",role_search
SELECT cast_info.role_id FROM cast_info  WHERE cast_info.nr_order > 10.43 ORDER BY cast_info.role_id LIMIT 100;,role_search
"SELECT cast_info.note, cast_info.person_role_id, cast_info.nr_order, cast_info.id, cast_info.role_id, cast_info.person_id FROM cast_info  WHERE cast_info.note LIKE 'sample' AND cast_info.id BETWEEN 16853621.03 AND 19390724.97 AND cast_info.movie_id > 45.87 AND cast_info.role_id < NULL ORDER BY cast_info.person_role_id LIMIT 100;",popular_actor
"SELECT cast_info.person_id, cast_info.role_id, cast_info.person_role_id, cast_info.note, cast_info.movie_id, cast_info.nr_order FROM cast_info  WHERE cast_info.role_id BETWEEN 5.75 AND 6.25 AND cast_info.nr_order > 24.65 ORDER BY cast_info.nr_order LIMIT 100;",role_search
"SELECT cast_info.note, cast_info.person_role_id, cast_info.person_id, cast_info.role_id, cast_info.nr_order FROM cast_info  WHERE cast_info.person_id > 5 AND cast_info.id > 8.87 AND cast_info.nr_order > 75.33 AND cast_info.person_role_id > 30.0 ORDER BY cast_info.role_id LIMIT 100;",popular_actor
"SELECT cast_info.note, cast_info.movie_id, cast_info.id FROM cast_info  WHERE cast_info.person_role_id < 4.48 AND cast_info.nr_order BETWEEN 490951192.6 AND 624846972.4 AND cast_info.note LIKE 'sample' ORDER BY cast_info.note LIMIT 100;",popular_actor
"SELECT cast_info.person_role_id, cast_info.person_id, cast_info.note, cast_info.id FROM cast_info  WHERE cast_info.note = 'sample' AND cast_info.person_role_id < 51.31 AND cast_info.person_id BETWEEN 1929415.9 AND 2132512.1 ORDER BY cast_info.id LIMIT 100;",multi_criteria
"SELECT cast_info.note, cast_info.person_role_id, cast_info.person_id, cast_info.movie_id, cast_info.id, cast_info.nr_order FROM cast_info  WHERE cast_info.person_id BETWEEN 1990344.76 AND 2071583.24 AND cast_info.id BETWEEN 16309955.9 AND 19934390.1 ORDER BY cast_info.note LIMIT 100;",popular_actor
"SELECT cast_info.note, cast_info.movie_id, cast_info.nr_order FROM cast_info  WHERE cast_info.nr_order BETWEEN 412845321.05 AND 702952843.95 AND cast_info.person_id < 1 AND cast_info.id BETWEEN 16853621.03 AND 19390724.97 ORDER BY cast_info.note LIMIT 100;",award_season
"SELECT cast_info.role_id, cast_info.note FROM cast_info  WHERE cast_info.id BETWEEN 16672399.32 AND 19571946.68 ORDER BY cast_info.note LIMIT 100;",role_search
"SELECT cast_info.note, cast_info.person_role_id, cast_info.person_id, cast_info.movie_id, cast_info.id, cast_info.nr_order FROM cast_info  WHERE cast_info.person_id BETWEEN 1990344.76 AND 2071583.24 AND cast_info.id BETWEEN 16309955.9 AND 19934390.1 ORDER BY cast_info.note LIMIT 100;",multi_criteria
"SELECT cast_info.role_id, cast_info.nr_order FROM cast_info  WHERE cast_info.movie_id > 4978679.29 AND cast_info.person_id BETWEEN 1929415.9 AND 2132512.1 AND cast_info.role_id < NULL AND cast_info.nr_order < 96.6 ORDER BY cast_info.nr_order LIMIT 100;",award_season
"SELECT cast_info.id, cast_info.person_id FROM cast_info  WHERE cast_info.movie_id > 90.79 AND cast_info.person_id > 1 ORDER BY cast_info.person_id LIMIT 100;",popular_actor
"SELECT cast_info.note, cast_info.person_role_id, cast_info.person_id, cast_info.role_id, cast_info.nr_order FROM cast_info  WHERE cast_info.person_id > 1 AND cast_info.id > 35.08 AND cast_info.nr_order > 94.06 AND cast_info.person_role_id > 63.12 ORDER BY cast_info.role_id LIMIT 100;",popular_actor
"SELECT cast_info.role_id, cast_info.nr_order, cast_info.person_id, cast_info.movie_id, cast_info.id FROM cast_info  WHERE cast_info.note LIKE 'sample' ORDER BY cast_info.movie_id LIMIT 100;",award_season
"SELECT cast_info.nr_order, cast_info.person_role_id, cast_info.movie_id, cast_info.note, cast_info.person_id FROM cast_info  WHERE cast_info.nr_order < 29.76 AND cast_info.note = 'sample' AND cast_info.movie_id BETWEEN 1225098.39 AND 1300877.61 AND cast_info.person_role_id > 8.7 ORDER BY cast_info.person_role_id LIMIT 100;",award_season
"SELECT cast_info.person_id, cast_info.movie_id, cast_info.note, cast_info.nr_order FROM cast_info  WHERE cast_info.movie_id BETWEEN 1262988.0 AND 1262988.0 AND cast_info.person_role_id BETWEEN 1428854.79 AND 1711485.21 ORDER BY cast_info.movie_id LIMIT 100;",multi_criteria
"SELECT cast_info.id, cast_info.nr_order FROM cast_info  WHERE cast_info.id > 58.89 AND cast_info.nr_order BETWEEN 429582293.525 AND 686215871.475 AND cast_info.note LIKE 'sample' ORDER BY cast_info.nr_order LIMIT 100;",award_season
"SELECT cast_info.person_role_id, cast_info.id, cast_info.person_id, cast_info.note, cast_info.nr_order, cast_info.movie_id FROM cast_info  WHERE cast_info.person_id < 67.52 AND cast_info.note LIKE 'sample' AND cast_info.role_id BETWEEN 5.75 AND 6.25 AND cast_info.id < 81.13 ORDER BY cast_info.nr_order LIMIT 100;",movie_cast
"SELECT cast_info.person_role_id, cast_info.id, cast_info.role_id, cast_info.nr_order, cast_info.person_id, cast_info.note FROM cast_info  WHERE cast_info.nr_order BETWEEN 412845321.05 AND 702952843.95 AND cast_info.role_id BETWEEN 5.75 AND 6.25 AND cast_info.movie_id BETWEEN 1225098.39 AND 1300877.61 AND cast_info.person_id > 19 ORDER BY cast_info.nr_order LIMIT 100;",popular_actor
"SELECT cast_info.nr_order, cast_info.role_id, cast_info.person_id, cast_info.movie_id, cast_info.note, cast_info.person_role_id FROM cast_info  WHERE cast_info.id < 36.52 AND cast_info.movie_id > 1 ORDER BY cast_info.nr_order LIMIT 100;",movie_cast
"SELECT cast_info.person_id, cast_info.movie_id, cast_info.note, cast_info.nr_order FROM cast_info  WHERE cast_info.movie_id BETWEEN 1262988.0 AND 1262988.0 AND cast_info.person_role_id BETWEEN 1428854.79 AND 1711485.21 ORDER BY cast_info.movie_id LIMIT 100;",role_search
"SELECT cast_info.role_id, cast_info.nr_order, cast_info.person_id, cast_info.movie_id, cast_info.id FROM cast_info  WHERE cast_info.note LIKE 'sample' ORDER BY cast_info.movie_id LIMIT 100;",multi_criteria
"SELECT cast_info.role_id, cast_info.nr_order, cast_info.id, cast_info.movie_id FROM cast_info  WHERE cast_info.nr_order < 45.16 AND cast_info.note = 'sample' AND cast_info.movie_id BETWEEN 1199838.65 AND 1326137.35 ORDER BY cast_info.movie_id LIMIT 100;",role_search
"SELECT cast_info.nr_order, cast_info.id FROM cast_info  WHERE cast_info.person_role_id BETWEEN 1413153.1 AND 1727186.9 ORDER BY cast_info.nr_order LIMIT 100;",multi_criteria
"SELECT cast_info.person_id, cast_info.role_id, cast_info.person_role_id, cast_info.note, cast_info.movie_id, cast_info.nr_order FROM cast_info  WHERE cast_info.role_id BETWEEN 5.75 AND 6.25 AND cast_info.nr_order > 20.19 ORDER BY cast_info.nr_order LIMIT 100;",multi_criteria
SELECT cast_info.person_role_id FROM cast_info  WHERE cast_info.nr_order < 32.58 ORDER BY cast_info.person_role_id LIMIT 100;,role_search
"SELECT cast_info.note, cast_info.nr_order, cast_info.role_id, cast_info.person_role_id FROM cast_info  WHERE cast_info.id BETWEEN 16672399.32 AND 19571946.68 AND cast_info.movie_id BETWEEN 1262988.0 AND 1262988.0 AND cast_info.nr_order < 22.78 AND cast_info.role_id > NULL ORDER BY cast_info.nr_order LIMIT 100;",multi_criteria
SELECT cast_info.role_id FROM cast_info  WHERE cast_info.nr_order > 14.81 ORDER BY cast_info.role_id LIMIT 100;,movie_cast
"SELECT cast_info.role_id, cast_info.id FROM cast_info  WHERE cast_info.movie_id > 4546227.91 ORDER BY cast_info.role_id LIMIT 100;",award_season
"SELECT cast_info.person_role_id, cast_info.id, cast_info.role_id, cast_info.nr_order, cast_info.person_id, cast_info.note FROM cast_info  WHERE cast_info.nr_order BETWEEN 412845321.05 AND 702952843.95 AND cast_info.role_id BETWEEN 5.75 AND 6.25 AND cast_info.movie_id BETWEEN 1225098.39 AND 1300877.61 AND cast_info.person_id > 2 ORDER BY cast_info.nr_order LIMIT 100;",popular_actor
"SELECT cast_info.note, cast_info.person_role_id, cast_info.nr_order, cast_info.id, cast_info.role_id, cast_info.person_id FROM cast_info  WHERE cast_info.note LIKE 'sample' AND cast_info.id BETWEEN 16853621.03 AND 19390724.97 AND cast_info.movie_id > 4337417.74 AND cast_info.role_id < NULL ORDER BY cast_info.person_role_id LIMIT 100;",award_season
"SELECT cast_info.note, cast_info.id, cast_info.role_id, cast_info.person_id, cast_info.nr_order FROM cast_info  WHERE cast_info.role_id BETWEEN 5.75 AND 6.25 AND cast_info.nr_order < 64.44 AND cast_info.note = 'sample' ORDER BY cast_info.nr_order LIMIT 100;",role_search
"SELECT cast_info.person_id, cast_info.note, cast_info.id, cast_info.nr_order, cast_info.movie_id FROM cast_info  WHERE cast_info.person_id < 4 ORDER BY cast_info.person_id LIMIT 100;",popular_actor
"SELECT cast_info.note, cast_info.nr_order, cast_info.movie_id, cast_info.role_id, cast_info.id, cast_info.person_role_id FROM cast_info  WHERE cast_info.movie_id > 1 ORDER BY cast_info.role_id LIMIT 100;",movie_cast
"SELECT cast_info.person_role_id, cast_info.id, cast_info.role_id, cast_info.nr_order, cast_info.person_id, cast_info.note FROM cast_info  WHERE cast_info.nr_order BETWEEN 412845321.05 AND 702952843.95 AND cast_info.role_id BETWEEN 5.75 AND 6.25 AND cast_info.movie_id BETWEEN 1225098.39 AND 1300877.61 AND cast_info.person_id > 22.37 ORDER BY cast_info.nr_order LIMIT 100;",movie_cast
"SELECT cast_info.note, cast_info.person_role_id, cast_info.id, cast_info.movie_id, cast_info.nr_order FROM cast_info  WHERE cast_info.person_role_id > 52.04 ORDER BY cast_info.nr_order LIMIT 100;",movie_cast
SELECT cast_info.role_id FROM cast_info  WHERE cast_info.person_role_id < 15.47 AND cast_info.note = 'sample' AND cast_info.id < 29.73 AND cast_info.role_id BETWEEN 5.75 AND 6.25 ORDER BY cast_info.role_id LIMIT 100;,role_search
"SELECT cast_info.person_id, cast_info.id, cast_info.nr_order, cast_info.movie_id, cast_info.role_id FROM cast_info  WHERE cast_info.person_role_id < 95.57 AND cast_info.note LIKE 'sample' AND cast_info.nr_order > 11.33 ORDER BY cast_info.nr_order LIMIT 100;",movie_cast
"SELECT cast_info.nr_order, cast_info.role_id, cast_info.person_role_id, cast_info.note, cast_info.person_id FROM cast_info  WHERE cast_info.person_id < 50.43 AND cast_info.role_id BETWEEN 5.75 AND 6.25 AND cast_info.person_role_id BETWEEN 1444556.48 AND 1695783.52 AND cast_info.movie_id > 1 ORDER BY cast_info.role_id LIMIT 100;",movie_cast
"SELECT cast_info.person_id, cast_info.movie_id, cast_info.note, cast_info.nr_order FROM cast_info  WHERE cast_info.movie_id BETWEEN 1262988.0 AND 1262988.0 AND cast_info.person_role_id BETWEEN 1428854.79 AND 1711485.21 ORDER BY cast_info.movie_id LIMIT 100;",movie_cast
"SELECT cast_info.person_role_id, cast_info.person_id, cast_info.role_id FROM cast_info  WHERE cast_info.person_role_id > 61.02 AND cast_info.nr_order < 6.25 ORDER BY cast_info.person_role_id LIMIT 100;",multi_criteria
SELECT cast_info.nr_order FROM cast_info  WHERE cast_info.person_id BETWEEN 1990344.76 AND 2071583.24 ORDER BY cast_info.nr_order LIMIT 100;,award_season
"SELECT cast_info.person_id, cast_info.person_role_id, cast_info.movie_id, cast_info.role_id FROM cast_info  WHERE cast_info.movie_id BETWEEN 1212468.52 AND 1313507.48 AND cast_info.person_id BETWEEN 1990344.76 AND 2071583.24 ORDER BY cast_info.person_role_id LIMIT 100;",award_season
"SELECT cast_info.movie_id, cast_info.nr_order, cast_info.role_id, cast_info.note FROM cast_info  WHERE cast_info.movie_id > 4901542.38 AND cast_info.person_id BETWEEN 1970035.14 AND 2091892.86 ORDER BY cast_info.movie_id LIMIT 100;",award_season
"SELECT cast_info.role_id, cast_info.nr_order, cast_info.person_id, cast_info.movie_id, cast_info.id FROM cast_info  WHERE cast_info.note LIKE 'sample' ORDER BY cast_info.movie_id LIMIT 100;",role_search
"SELECT cast_info.person_id, cast_info.movie_id, cast_info.note, cast_info.id, cast_info.nr_order, cast_info.person_role_id FROM cast_info  WHERE cast_info.movie_id > 94.4 AND cast_info.note = 'sample' AND cast_info.id > 30.57 ORDER BY cast_info.nr_order LIMIT 100;",role_search
"SELECT cast_info.id, cast_info.note, cast_info.nr_order, cast_info.role_id, cast_info.person_role_id, cast_info.movie_id FROM cast_info  WHERE cast_info.person_role_id > 68.45 ORDER BY cast_info.nr_order LIMIT 100;",award_season
"SELECT cast_info.person_role_id, cast_info.role_id, cast_info.person_id FROM cast_info  WHERE cast_info.nr_order < 28.08 AND cast_info.role_id > NULL ORDER BY cast_info.person_role_id LIMIT 100;",popular_actor
"SELECT cast_info.person_id, cast_info.note, cast_info.id, cast_info.nr_order, cast_info.movie_id FROM cast_info  WHERE cast_info.person_id < 13 ORDER BY cast_info.person_id LIMIT 100;",award_season
"SELECT cast_info.note, cast_info.id, cast_info.role_id, cast_info.person_id, cast_info.nr_order FROM cast_info  WHERE cast_info.role_id BETWEEN 5.75 AND 6.25 AND cast_info.nr_order < 16.31 AND cast_info.note = 'sample' ORDER BY cast_info.nr_order LIMIT 100;",multi_criteria
"SELECT cast_info.movie_id, cast_info.person_id FROM cast_info  WHERE cast_info.person_role_id < 84.1 AND cast_info.nr_order < 84.81 AND cast_info.movie_id < 44.59 ORDER BY cast_info.person_id LIMIT 100;",role_search
"SELECT cast_info.person_id, cast_info.person_role_id, cast_info.role_id FROM cast_info  WHERE cast_info.role_id < 3.12 AND cast_info.person_role_id > 38.26 AND cast_info.movie_id > 75.34 AND cast_info.id > 26.11 ORDER BY cast_info.person_id LIMIT 100;",role_search
SELECT cast_info.person_role_id FROM cast_info  WHERE cast_info.nr_order < 79.17 ORDER BY cast_info.person_role_id LIMIT 100;,role_search
"SELECT cast_info.nr_order, cast_info.id FROM cast_info  WHERE cast_info.person_role_id BETWEEN 1413153.1 AND 1727186.9 ORDER BY cast_info.nr_order LIMIT 100;",movie_cast
"SELECT cast_info.note, cast_info.nr_order, cast_info.movie_id, cast_info.role_id, cast_info.id, cast_info.person_role_id FROM cast_info  WHERE cast_info.movie_id > 51.84 ORDER BY cast_info.role_id LIMIT 100;",role_search
"SELECT cast_info.note, cast_info.person_role_id, cast_info.person_id, cast_info.role_id, cast_info.nr_order FROM cast_info  WHERE cast_info.person_id > 2 AND cast_info.id > 51.89 AND cast_info.nr_order > 26.71 AND cast_info.person_role_id > 14.39 ORDER BY cast_info.role_id LIMIT 100;",popular_actor
"SELECT cast_info.movie_id, cast_info.id, cast_info.note FROM cast_info  WHERE cast_info.nr_order < 22.99 AND cast_info.role_id > NULL AND cast_info.person_role_id < 49.16 ORDER BY cast_info.id LIMIT 100;",award_season
"SELECT cast_info.note, cast_info.id, cast_info.movie_id, cast_info.nr_order, cast_info.person_role_id, cast_info.person_id FROM cast_info  WHERE cast_info.note LIKE 'sample' AND cast_info.person_role_id BETWEEN 1444556.48 AND 1695783.52 AND cast_info.role_id < NULL AND cast_info.nr_order < 34.05 ORDER BY cast_info.person_id LIMIT 100;",multi_criteria
"SELECT cast_info.id, cast_info.movie_id, cast_info.role_id, cast_info.person_id, cast_info.person_role_id, cast_info.nr_order FROM cast_info  WHERE cast_info.person_role_id < 99.81 ORDER BY cast_info.nr_order LIMIT 100;",movie_cast
"SELECT cast_info.note, cast_info.person_role_id, cast_info.person_id, cast_info.movie_id, cast_info.id, cast_info.nr_order FROM cast_info  WHERE cast_info.person_id BETWEEN 1990344.76 AND 2071583.24 AND cast_info.id BETWEEN 16309955.9 AND 19934390.1 ORDER BY cast_info.note LIMIT 100;",movie_cast
SELECT cast_info.nr_order FROM cast_info  WHERE cast_info.person_id BETWEEN 1990344.76 AND 2071583.24 ORDER BY cast_info.nr_order LIMIT 100;,award_season
"SELECT cast_info.note, cast_info.person_role_id, cast_info.id, cast_info.movie_id, cast_info.nr_order FROM cast_info  WHERE cast_info.person_role_id > 42.49 ORDER BY cast_info.nr_order LIMIT 100;",movie_cast
"SELECT cast_info.nr_order, cast_info.person_id FROM cast_info  WHERE cast_info.nr_order > 22.84 AND cast_info.role_id BETWEEN 5.75 AND 6.25 AND cast_info.person_role_id > 64.11 ORDER BY cast_info.nr_order LIMIT 100;",movie_cast
"SELECT cast_info.nr_order, cast_info.note, cast_info.id FROM cast_info  WHERE cast_info.role_id > NULL ORDER BY cast_info.id LIMIT 100;",popular_actor
"SELECT cast_info.note, cast_info.id, cast_info.nr_order, cast_info.person_role_id FROM cast_info  WHERE cast_info.role_id BETWEEN 5.75 AND 6.25 AND cast_info.nr_order < 1.1 AND cast_info.note LIKE 'sample' ORDER BY cast_info.note LIMIT 100;",award_season
"SELECT cast_info.movie_id, cast_info.person_id, cast_info.note, cast_info.role_id, cast_info.nr_order FROM cast_info  WHERE cast_info.person_id > 31.55 AND cast_info.role_id < 10.4 AND cast_info.id < 1.25 AND cast_info.person_role_id BETWEEN 1428854.79 AND 1711485.21 ORDER BY cast_info.note LIMIT 100;",movie_cast
"SELECT cast_info.note, cast_info.movie_id, cast_info.person_role_id, cast_info.nr_order FROM cast_info  WHERE cast_info.note = 'sample' AND cast_info.role_id > NULL AND cast_info.person_id < 1 AND cast_info.nr_order < 2.25 ORDER BY cast_info.nr_order LIMIT 100;",award_season
"SELECT cast_info.person_id, cast_info.role_id FROM cast_info  WHERE cast_info.nr_order > 12.1 AND cast_info.id < 5.22 ORDER BY cast_info.person_id LIMIT 100;",multi_criteria
"SELECT cast_info.note, cast_info.id, cast_info.movie_id, cast_info.nr_order, cast_info.person_role_id, cast_info.person_id FROM cast_info  WHERE cast_info.note LIKE 'sample' AND cast_info.person_role_id BETWEEN 1444556.48 AND 1695783.52 AND cast_info.role_id < NULL AND cast_info.nr_order < 29.59 ORDER BY cast_info.person_id LIMIT 100;",multi_criteria
"SELECT cast_info.person_id, cast_info.id, cast_info.note, cast_info.person_role_id, cast_info.nr_order, cast_info.movie_id FROM cast_info  WHERE cast_info.movie_id BETWEEN 1225098.39 AND 1300877.61 AND cast_info.id BETWEEN 17034842.74 AND 19209503.26 AND cast_info.person_id > 968925.82 ORDER BY cast_info.person_id LIMIT 100;",role_search
"SELECT cast_info.note, cast_info.id, cast_info.nr_order, cast_info.person_role_id FROM cast_info  WHERE cast_info.role_id BETWEEN 5.75 AND 6.25 AND cast_info.nr_order < 13.97 AND cast_info.note LIKE 'sample' ORDER BY cast_info.note LIMIT 100;",multi_criteria
"SELECT cast_info.note, cast_info.person_role_id, cast_info.nr_order, cast_info.id, cast_info.role_id, cast_info.person_id FROM cast_info  WHERE cast_info.note LIKE 'sample' AND cast_info.id BETWEEN 16853621.03 AND 19390724.97 AND cast_info.movie_id > 4043530.08 AND cast_info.role_id < NULL ORDER BY cast_info.person_role_id LIMIT 100;",award_season
"SELECT cast_info.nr_order, cast_info.person_role_id, cast_info.movie_id, cast_info.note, cast_info.person_id FROM cast_info  WHERE cast_info.nr_order < 8.37 AND cast_info.note = 'sample' AND cast_info.movie_id BETWEEN 1225098.39 AND 1300877.61 AND cast_info.person_role_id > 65.75 ORDER BY cast_info.person_role_id LIMIT 100;",multi_criteria
"SELECT cast_info.note, cast_info.person_role_id, cast_info.person_id, cast_info.role_id, cast_info.nr_order FROM cast_info  WHERE cast_info.person_id > 38 AND cast_info.id > 80.11 AND cast_info.nr_order > 50.33 AND cast_info.person_role_id > 92.66 ORDER BY cast_info.role_id LIMIT 100;",award_season
"SELECT cast_info.role_id, cast_info.note FROM cast_info  WHERE cast_info.id BETWEEN 16672399.32 AND 19571946.68 ORDER BY cast_info.note LIMIT 100;",multi_criteria
"SELECT cast_info.movie_id, cast_info.person_role_id, cast_info.note, cast_info.role_id, cast_info.person_id FROM cast_info  WHERE cast_info.note = 'sample' AND cast_info.role_id BETWEEN 5.75 AND 6.25 ORDER BY cast_info.role_id LIMIT 100;",popular_actor
"SELECT cast_info.nr_order, cast_info.person_id FROM cast_info  WHERE cast_info.nr_order > 22.56 AND cast_info.role_id BETWEEN 5.75 AND 6.25 AND cast_info.person_role_id > 14.24 ORDER BY cast_info.nr_order LIMIT 100;",multi_criteria
"SELECT cast_info.nr_order, cast_info.person_role_id, cast_info.movie_id, cast_info.note, cast_info.person_id FROM cast_info  WHERE cast_info.nr_order < 20.35 AND cast_info.note = 'sample' AND cast_info.movie_id BETWEEN 1225098.39 AND 1300877.61 AND cast_info.person_role_id > 18.1 ORDER BY cast_info.person_role_id LIMIT 100;",multi_criteria
"SELECT cast_info.note, cast_info.movie_id, cast_info.person_role_id, cast_info.person_id, cast_info.role_id, cast_info.id FROM cast_info  WHERE cast_info.id BETWEEN 16672399.32 AND 19571946.68 ORDER BY cast_info.note LIMIT 100;",movie_cast
"SELECT cast_info.person_role_id, cast_info.person_id, cast_info.role_id FROM cast_info  WHERE cast_info.person_role_id > 45.54 AND cast_info.nr_order < 21.72 ORDER BY cast_info.person_role_id LIMIT 100;",multi_criteria
"SELECT cast_info.note, cast_info.person_role_id, cast_info.person_id, cast_info.role_id, cast_info.nr_order FROM cast_info  WHERE cast_info.person_id > 2296383.02 AND cast_info.id > 52.67 AND cast_info.nr_order > 20.5 AND cast_info.person_role_id > 8.56 ORDER BY cast_info.role_id LIMIT 100;",role_search
"SELECT cast_info.person_id, cast_info.id, cast_info.nr_order, cast_info.role_id FROM cast_info  WHERE cast_info.movie_id BETWEEN 1250358.13 AND 1275617.87 ORDER BY cast_info.id LIMIT 100;",role_search
"SELECT cast_info.person_id, cast_info.id, cast_info.nr_order, cast_info.movie_id, cast_info.role_id FROM cast_info  WHERE cast_info.person_role_id < 93.8 AND cast_info.note LIKE 'sample' AND cast_info.nr_order > 77.99 ORDER BY cast_info.nr_order LIMIT 100;",popular_actor
"SELECT cast_info.note, cast_info.movie_id, cast_info.id FROM cast_info  WHERE cast_info.person_role_id < 57.64 AND cast_info.nr_order BETWEEN 490951192.6 AND 624846972.4 AND cast_info.note LIKE 'sample' ORDER BY cast_info.note LIMIT 100;",movie_cast
"SELECT cast_info.person_role_id, cast_info.note, cast_info.role_id, cast_info.movie_id FROM cast_info  WHERE cast_info.person_role_id BETWEEN 1444556.48 AND 1695783.52 AND cast_info.id > 28.2 AND cast_info.person_id > 4 AND cast_info.movie_id < 14.2 ORDER BY cast_info.movie_id LIMIT 100;",popular_actor
"SELECT cast_info.movie_id, cast_info.person_id, cast_info.id, cast_info.note, cast_info.nr_order, cast_info.person_role_id FROM cast_info  WHERE cast_info.person_id > 549763.69 AND cast_info.id > 63.04 AND cast_info.person_role_id > 92.21 AND cast_info.role_id BETWEEN 5.75 AND 6.25 ORDER BY cast_info.person_id LIMIT 100;",multi_criteria
"SELECT cast_info.person_role_id, cast_info.id, cast_info.role_id, cast_info.nr_order, cast_info.person_id, cast_info.note FROM cast_info  WHERE cast_info.nr_order BETWEEN 412845321.05 AND 702952843.95 AND cast_info.role_id BETWEEN 5.75 AND 6.25 AND cast_info.movie_id BETWEEN 1225098.39 AND 1300877.61 AND cast_info.person_id > 21108.69 ORDER BY cast_info.nr_order LIMIT 100;",multi_criteria
"SELECT cast_info.nr_order, cast_info.role_id, cast_info.id, cast_info.movie_id, cast_info.note FROM cast_info  WHERE cast_info.person_role_id < 66.51 ORDER BY cast_info.movie_id LIMIT 100;",multi_criteria
"SELECT cast_info.note, cast_info.person_role_id, cast_info.nr_order, cast_info.id, cast_info.role_id, cast_info.person_id FROM cast_info  WHERE cast_info.note LIKE 'sample' AND cast_info.id BETWEEN 16853621.03 AND 19390724.97 AND cast_info.movie_id > 1 AND cast_info.role_id < 52.79 ORDER BY cast_info.person_role_id LIMIT 100;",movie_cast
"SELECT cast_info.person_role_id, cast_info.id, cast_info.role_id, cast_info.nr_order, cast_info.person_id, cast_info.note FROM cast_info  WHERE cast_info.nr_order BETWEEN 412845321.05 AND 702952843.95 AND cast_info.role_id BETWEEN 5.75 AND 6.25 AND cast_info.movie_id BETWEEN 1225098.39 AND 1300877.61 AND cast_info.person_id > 1124133.64 ORDER BY cast_info.nr_order LIMIT 100;",role_search
"SELECT cast_info.person_id, cast_info.role_id, cast_info.person_role_id, cast_info.note, cast_info.movie_id, cast_info.nr_order FROM cast_info  WHERE cast_info.role_id BETWEEN 5.75 AND 6.25 AND cast_info.nr_order > 33.63 ORDER BY cast_info.nr_order LIMIT 100;",popular_actor
"SELECT cast_info.note, cast_info.person_role_id, cast_info.nr_order, cast_info.id, cast_info.role_id, cast_info.person_id FROM cast_info  WHERE cast_info.note LIKE 'sample' AND cast_info.id BETWEEN 16853621.03 AND 19390724.97 AND cast_info.movie_id > 50.18 AND cast_info.role_id < 7.85 ORDER BY cast_info.person_role_id LIMIT 100;",role_search
"SELECT cast_info.movie_id, cast_info.id, cast_info.role_id, cast_info.note, cast_info.nr_order FROM cast_info  WHERE cast_info.note = 'sample' ORDER BY cast_info.note LIMIT 100;",movie_cast
"SELECT cast_info.person_id, cast_info.movie_id, cast_info.note FROM cast_info  WHERE cast_info.movie_id BETWEEN 1225098.39 AND 1300877.61 ORDER BY cast_info.movie_id LIMIT 100;",movie_cast
"SELECT cast_info.person_role_id, cast_info.person_id, cast_info.note FROM cast_info  WHERE cast_info.movie_id BETWEEN 1225098.39 AND 1300877.61 AND cast_info.nr_order BETWEEN 463056238.475 AND 652741926.525 AND cast_info.role_id BETWEEN 5.75 AND 6.25 ORDER BY cast_info.person_id LIMIT 100;",award_season
"SELECT cast_info.note, cast_info.person_role_id, cast_info.nr_order, cast_info.role_id, cast_info.movie_id FROM cast_info  WHERE cast_info.person_role_id BETWEEN 1444556.48 AND 1695783.52 AND cast_info.id < 56.91 AND cast_info.note = 'sample' ORDER BY cast_info.person_role_id LIMIT 100;",role_search
SELECT cast_info.person_role_id FROM cast_info  WHERE cast_info.person_role_id BETWEEN 1428854.79 AND 1711485.21 AND cast_info.movie_id > 4892236.54 AND cast_info.id BETWEEN 16491177.61 AND 19753168.39 AND cast_info.role_id > NULL ORDER BY cast_info.person_role_id LIMIT 100;,award_season
"SELECT cast_info.note, cast_info.nr_order, cast_info.role_id, cast_info.person_role_id FROM cast_info  WHERE cast_info.id BETWEEN 16672399.32 AND 19571946.68 AND cast_info.movie_id BETWEEN 1262988.0 AND 1262988.0 AND cast_info.nr_order < 11.95 AND cast_info.role_id > NULL ORDER BY cast_info.nr_order LIMIT 100;",multi_criteria
"SELECT cast_info.person_id, cast_info.role_id, cast_info.person_role_id, cast_info.note, cast_info.movie_id, cast_info.nr_order FROM cast_info  WHERE cast_info.role_id BETWEEN 5.75 AND 6.25 AND cast_info.nr_order > 10.1 ORDER BY cast_info.nr_order LIMIT 100;",multi_criteria
"SELECT cast_info.note, cast_info.id, cast_info.nr_order, cast_info.person_role_id FROM cast_info  WHERE cast_info.role_id BETWEEN 5.75 AND 6.25 AND cast_info.nr_order < 86.11 AND cast_info.note LIKE 'sample' ORDER BY cast_info.note LIMIT 100;",role_search
"SELECT cast_info.role_id, cast_info.id FROM cast_info  WHERE cast_info.movie_id > 10 ORDER BY cast_info.role_id LIMIT 100;",movie_cast
"SELECT cast_info.note, cast_info.person_role_id, cast_info.person_id, cast_info.movie_id, cast_info.id, cast_info.nr_order FROM cast_info  WHERE cast_info.person_id BETWEEN 1990344.76 AND 2071583.24 AND cast_info.id BETWEEN 16309955.9 AND 19934390.1 ORDER BY cast_info.note LIMIT 100;",multi_criteria
"SELECT cast_info.nr_order, cast_info.person_id FROM cast_info  WHERE cast_info.nr_order > 38.84 AND cast_info.role_id BETWEEN 5.75 AND 6.25 AND cast_info.person_role_id > 45.54 ORDER BY cast_info.nr_order LIMIT 100;",popular_actor
"SELECT cast_info.id, cast_info.person_role_id, cast_info.role_id, cast_info.movie_id FROM cast_info  WHERE cast_info.nr_order > 13.18 AND cast_info.person_id < 41726.95 AND cast_info.person_role_id BETWEEN 1460258.17 AND 1680081.83 ORDER BY cast_info.id LIMIT 100;",multi_criteria
"SELECT cast_info.person_id, cast_info.person_role_id, cast_info.role_id FROM cast_info  WHERE cast_info.role_id < 4.99 AND cast_info.person_role_id > 90.27 AND cast_info.movie_id > 82.96 AND cast_info.id > 78.87 ORDER BY cast_info.person_id LIMIT 100;",role_search
"SELECT cast_info.person_role_id, cast_info.nr_order, cast_info.note, cast_info.movie_id, cast_info.person_id FROM cast_info  WHERE cast_info.id > 61.21 AND cast_info.person_id BETWEEN 1990344.76 AND 2071583.24 AND cast_info.role_id < 12.04 ORDER BY cast_info.nr_order LIMIT 100;",role_search
SELECT cast_info.role_id FROM cast_info  WHERE cast_info.nr_order > 92.66 ORDER BY cast_info.role_id LIMIT 100;,role_search
"SELECT cast_info.id, cast_info.movie_id, cast_info.role_id, cast_info.person_id, cast_info.person_role_id, cast_info.nr_order FROM cast_info  WHERE cast_info.person_role_id < 94.55 ORDER BY cast_info.nr_order LIMIT 100;",multi_criteria
"SELECT cast_info.role_id, cast_info.note, cast_info.movie_id FROM cast_info  WHERE cast_info.nr_order BETWEEN 496530183.425 AND 619267981.575 AND cast_info.id > 77.14 AND cast_info.person_role_id > 34.92 ORDER BY cast_info.movie_id LIMIT 100;",popular_actor
"SELECT cast_info.role_id, cast_info.id, cast_info.person_role_id, cast_info.movie_id, cast_info.person_id FROM cast_info  WHERE cast_info.person_role_id < 21.51 ORDER BY cast_info.id LIMIT 100;",movie_cast
"SELECT cast_info.id, cast_info.nr_order FROM cast_info  WHERE cast_info.id > 3.84 AND cast_info.nr_order BETWEEN 429582293.525 AND 686215871.475 AND cast_info.note LIKE 'sample' ORDER BY cast_info.nr_order LIMIT 100;",award_season
SELECT cast_info.nr_order FROM cast_info  WHERE cast_info.person_id > 29 AND cast_info.role_id < NULL AND cast_info.nr_order < 63.58 AND cast_info.note = 'sample' ORDER BY cast_info.nr_order LIMIT 100;,popular_actor
"SELECT cast_info.id, cast_info.person_id FROM cast_info  WHERE cast_info.movie_id > 2 AND cast_info.person_id > 82.32 ORDER BY cast_info.person_id LIMIT 100;",movie_cast
"SELECT cast_info.person_role_id, cast_info.person_id, cast_info.note FROM cast_info  WHERE cast_info.movie_id BETWEEN 1225098.39 AND 1300877.61 AND cast_info.nr_order BETWEEN 463056238.475 AND 652741926.525 AND cast_info.role_id BETWEEN 5.75 AND 6.25 ORDER BY cast_info.person_id LIMIT 100;",role_search
"SELECT cast_info.movie_id, cast_info.person_id FROM cast_info  WHERE cast_info.person_role_id < 61.04 AND cast_info.nr_order < 8.17 AND cast_info.movie_id < 1 ORDER BY cast_info.person_id LIMIT 100;",movie_cast
SELECT cast_info.movie_id FROM cast_info  WHERE cast_info.person_id < 2 ORDER BY cast_info.movie_id LIMIT 100;,award_season
"SELECT cast_info.person_id, cast_info.movie_id, cast_info.note, cast_info.id, cast_info.nr_order, cast_info.person_role_id FROM cast_info  WHERE cast_info.movie_id > 4 AND cast_info.note = 'sample' AND cast_info.id > 26.95 ORDER BY cast_info.nr_order LIMIT 100;",movie_cast
"SELECT cast_info.person_id, cast_info.movie_id, cast_info.note FROM cast_info  WHERE cast_info.movie_id BETWEEN 1225098.39 AND 1300877.61 ORDER BY cast_info.movie_id LIMIT 100;",popular_actor
"SELECT cast_info.role_id, cast_info.id, cast_info.person_role_id, cast_info.movie_id, cast_info.person_id FROM cast_info  WHERE cast_info.person_role_id < 78.91 ORDER BY cast_info.id LIMIT 100;",award_season
"SELECT cast_info.role_id, cast_info.id, cast_info.person_role_id, cast_info.movie_id, cast_info.person_id FROM cast_info  WHERE cast_info.person_role_id < 39.45 ORDER BY cast_info.id LIMIT 100;",award_season
SELECT cast_info.id FROM cast_info  WHERE cast_info.movie_id < 28.15 AND cast_info.note = 'sample' ORDER BY cast_info.id LIMIT 100;,role_search
"SELECT cast_info.id, cast_info.role_id, cast_info.person_role_id, cast_info.movie_id FROM cast_info  WHERE cast_info.movie_id BETWEEN 1237728.26 AND 1288247.74 AND cast_info.role_id < NULL AND cast_info.person_id < 811847.03 ORDER BY cast_info.movie_id LIMIT 100;",multi_criteria
"SELECT cast_info.id, cast_info.movie_id, cast_info.person_role_id, cast_info.nr_order FROM cast_info  WHERE cast_info.person_role_id BETWEEN 1413153.1 AND 1727186.9 AND cast_info.note = 'sample' AND cast_info.id BETWEEN 17216064.45 AND 19028281.55 ORDER BY cast_info.id LIMIT 100;",movie_cast
"SELECT cast_info.movie_id, cast_info.person_id, cast_info.id, cast_info.note, cast_info.nr_order, cast_info.person_role_id FROM cast_info  WHERE cast_info.person_id > 40 AND cast_info.id > 70.54 AND cast_info.person_role_id > 11.95 AND cast_info.role_id BETWEEN 5.75 AND 6.25 ORDER BY cast_info.person_id LIMIT 100;",award_season
"SELECT cast_info.note, cast_info.person_role_id, cast_info.person_id, cast_info.movie_id, cast_info.id, cast_info.nr_order FROM cast_info  WHERE cast_info.person_id BETWEEN 1990344.76 AND 2071583.24 AND cast_info.id BETWEEN 16309955.9 AND 19934390.1 ORDER BY cast_info.note LIMIT 100;",award_season
"SELECT cast_info.person_id, cast_info.person_role_id, cast_info.role_id, cast_info.movie_id FROM cast_info  WHERE cast_info.id < 48.95 AND cast_info.note LIKE 'sample' AND cast_info.person_role_id BETWEEN 1460258.17 AND 1680081.83 AND cast_info.nr_order < 69.63 ORDER BY cast_info.person_role_id LIMIT 100;",role_search
"SELECT cast_info.person_role_id, cast_info.id, cast_info.movie_id, cast_info.person_id, cast_info.note, cast_info.nr_order FROM cast_info  WHERE cast_info.person_id > 1260843.41 ORDER BY cast_info.person_role_id LIMIT 100;",role_search
"SELECT cast_info.person_role_id, cast_info.nr_order FROM cast_info  WHERE cast_info.role_id < NULL ORDER BY cast_info.nr_order LIMIT 100;",popular_actor
SELECT cast_info.movie_id FROM cast_info  WHERE cast_info.note LIKE 'sample' AND cast_info.person_role_id < 43.27 ORDER BY cast_info.movie_id LIMIT 100;,popular_actor
"SELECT cast_info.person_id, cast_info.role_id FROM cast_info  WHERE cast_info.id > 13.68 AND cast_info.role_id BETWEEN 5.75 AND 6.25 AND cast_info.person_role_id BETWEEN 1444556.48 AND 1695783.52 AND cast_info.movie_id < 20.13 ORDER BY cast_info.role_id LIMIT 100;",popular_actor
"SELECT cast_info.note, cast_info.nr_order, cast_info.role_id, cast_info.person_role_id FROM cast_info  WHERE cast_info.id BETWEEN 16672399.32 AND 19571946.68 AND cast_info.movie_id BETWEEN 1262988.0 AND 1262988.0 AND cast_info.nr_order < 80.49 AND cast_info.role_id > NULL ORDER BY cast_info.nr_order LIMIT 100;",popular_actor
"SELECT cast_info.movie_id, cast_info.id, cast_info.note FROM cast_info  WHERE cast_info.nr_order < 2.41 AND cast_info.role_id > NULL AND cast_info.person_role_id < 21.95 ORDER BY cast_info.id LIMIT 100;",popular_actor
"SELECT cast_info.note, cast_info.id, cast_info.movie_id, cast_info.nr_order, cast_info.person_role_id, cast_info.person_id FROM cast_info  WHERE cast_info.note LIKE 'sample' AND cast_info.person_role_id BETWEEN 1444556.48 AND 1695783.52 AND cast_info.role_id < 9.43 AND cast_info.nr_order < 45.27 ORDER BY cast_info.person_id LIMIT 100;",role_search
"SELECT cast_info.movie_id, cast_info.person_id, cast_info.note, cast_info.role_id, cast_info.nr_order FROM cast_info  WHERE cast_info.person_id > 50000 AND cast_info.role_id < NULL AND cast_info.id < 12.66 AND cast_info.person_role_id BETWEEN 1428854.79 AND 1711485.21 ORDER BY cast_info.note LIMIT 100;",award_season
"SELECT cast_info.nr_order, cast_info.person_role_id, cast_info.movie_id, cast_info.note, cast_info.person_id FROM cast_info  WHERE cast_info.nr_order < 47.66 AND cast_info.note = 'sample' AND cast_info.movie_id BETWEEN 1225098.39 AND 1300877.61 AND cast_info.person_role_id > 76.95 ORDER BY cast_info.person_role_id LIMIT 100;",award_season
"SELECT cast_info.note, cast_info.person_role_id, cast_info.person_id, cast_info.role_id, cast_info.nr_order FROM cast_info  WHERE cast_info.person_id > 799512.81 AND cast_info.id > 88.85 AND cast_info.nr_order > 23.48 AND cast_info.person_role_id > 75.65 ORDER BY cast_info.role_id LIMIT 100;",multi_criteria
"SELECT cast_info.note, cast_info.person_role_id, cast_info.person_id, cast_info.movie_id, cast_info.id, cast_info.nr_order FROM cast_info  WHERE cast_info.person_id BETWEEN 1990344.76 AND 2071583.24 AND cast_info.id BETWEEN 16309955.9 AND 19934390.1 ORDER BY cast_info.note LIMIT 100;",multi_criteria
"SELECT cast_info.person_id, cast_info.role_id, cast_info.nr_order FROM cast_info  WHERE cast_info.id BETWEEN 16853621.03 AND 19390724.97 AND cast_info.nr_order < 22.58 AND cast_info.note = 'sample' AND cast_info.person_role_id > 34.62 ORDER BY cast_info.nr_order LIMIT 100;",multi_criteria
"SELECT cast_info.note, cast_info.id, cast_info.movie_id, cast_info.nr_order, cast_info.person_role_id, cast_info.person_id FROM cast_info  WHERE cast_info.note LIKE 'sample' AND cast_info.person_role_id BETWEEN 1444556.48 AND 1695783.52 AND cast_info.role_id < NULL AND cast_info.nr_order < 95.73 ORDER BY cast_info.person_id LIMIT 100;",popular_actor
"SELECT cast_info.person_role_id, cast_info.id, cast_info.role_id, cast_info.nr_order, cast_info.person_id, cast_info.note FROM cast_info  WHERE cast_info.nr_order BETWEEN 412845321.05 AND 702952843.95 AND cast_info.role_id BETWEEN 5.75 AND 6.25 AND cast_info.movie_id BETWEEN 1225098.39 AND 1300877.61 AND cast_info.person_id > 1856347.05 ORDER BY cast_info.nr_order LIMIT 100;",role_search
"SELECT cast_info.id, cast_info.movie_id, cast_info.person_role_id, cast_info.nr_order FROM cast_info  WHERE cast_info.person_role_id BETWEEN 1413153.1 AND 1727186.9 AND cast_info.note = 'sample' AND cast_info.id BETWEEN 17216064.45 AND 19028281.55 ORDER BY cast_info.id LIMIT 100;",movie_cast
"SELECT cast_info.person_id, cast_info.person_role_id, cast_info.movie_id, cast_info.role_id FROM cast_info  WHERE cast_info.movie_id BETWEEN 1212468.52 AND 1313507.48 AND cast_info.person_id BETWEEN 1990344.76 AND 2071583.24 ORDER BY cast_info.person_role_id LIMIT 100;",award_season
"SELECT cast_info.id, cast_info.movie_id, cast_info.person_role_id, cast_info.nr_order FROM cast_info  WHERE cast_info.person_role_id BETWEEN 1413153.1 AND 1727186.9 AND cast_info.note = 'sample' AND cast_info.id BETWEEN 17216064.45 AND 19028281.55 ORDER BY cast_info.id LIMIT 100;",role_search
"SELECT cast_info.role_id, cast_info.note FROM cast_info  WHERE cast_info.id BETWEEN 16672399.32 AND 19571946.68 ORDER BY cast_info.note LIMIT 100;",movie_cast
"SELECT cast_info.role_id, cast_info.note FROM cast_info  WHERE cast_info.id BETWEEN 16672399.32 AND 19571946.68 ORDER BY cast_info.note LIMIT 100;",award_season
"SELECT cast_info.note, cast_info.movie_id, cast_info.person_role_id, cast_info.nr_order FROM cast_info  WHERE cast_info.note = 'sample' AND cast_info.role_id > NULL AND cast_info.person_id < 2 AND cast_info.nr_order < 90.7 ORDER BY cast_info.nr_order LIMIT 100;",popular_actor
"SELECT cast_info.movie_id, cast_info.person_role_id, cast_info.nr_order FROM cast_info  WHERE cast_info.nr_order > 11.0 AND cast_info.note LIKE 'sample' AND cast_info.person_role_id < 1.57 ORDER BY cast_info.movie_id LIMIT 100;",movie_cast
"SELECT cast_info.role_id, cast_info.nr_order FROM cast_info  WHERE cast_info.movie_id > 1 AND cast_info.person_id BETWEEN 1929415.9 AND 2132512.1 AND cast_info.role_id < 53.16 AND cast_info.nr_order < 11.4 ORDER BY cast_info.nr_order LIMIT 100;",movie_cast
"SELECT cast_info.person_id, cast_info.id, cast_info.nr_order, cast_info.movie_id, cast_info.role_id FROM cast_info  WHERE cast_info.person_role_id < 43.66 AND cast_info.note LIKE 'sample' AND cast_info.nr_order > -0.11 ORDER BY cast_info.nr_order LIMIT 100;",movie_cast
"SELECT cast_info.person_id, cast_info.movie_id, cast_info.note, cast_info.nr_order FROM cast_info  WHERE cast_info.movie_id BETWEEN 1262988.0 AND 1262988.0 AND cast_info.person_role_id BETWEEN 1428854.79 AND 1711485.21 ORDER BY cast_info.movie_id LIMIT 100;",award_season
"SELECT cast_info.person_id, cast_info.role_id, cast_info.person_role_id, cast_info.note, cast_info.movie_id, cast_info.nr_order FROM cast_info  WHERE cast_info.role_id BETWEEN 5.75 AND 6.25 AND cast_info.nr_order > 21.95 ORDER BY cast_info.nr_order LIMIT 100;",multi_criteria
"SELECT cast_info.person_id, cast_info.movie_id, cast_info.note, cast_info.nr_order FROM cast_info  WHERE cast_info.movie_id BETWEEN 1262988.0 AND 1262988.0 AND cast_info.person_role_id BETWEEN 1428854.79 AND 1711485.21 ORDER BY cast_info.movie_id LIMIT 100;",multi_criteria
SELECT cast_info.person_role_id FROM cast_info  WHERE cast_info.nr_order < 48.72 ORDER BY cast_info.person_role_id LIMIT 100;,popular_actor
SELECT cast_info.nr_order FROM cast_info  WHERE cast_info.person_id BETWEEN 1990344.76 AND 2071583.24 ORDER BY cast_info.nr_order LIMIT 100;,popular_actor
"SELECT cast_info.note, cast_info.id, cast_info.role_id, cast_info.person_id, cast_info.nr_order FROM cast_info  WHERE cast_info.role_id BETWEEN 5.75 AND 6.25 AND cast_info.nr_order < 35.19 AND cast_info.note = 'sample' ORDER BY cast_info.nr_order LIMIT 100;",award_season
"SELECT cast_info.movie_id, cast_info.id, cast_info.note FROM cast_info  WHERE cast_info.nr_order < 10.67 AND cast_info.role_id > 1.17 AND cast_info.person_role_id < 89.74 ORDER BY cast_info.id LIMIT 100;",movie_cast
SELECT cast_info.person_role_id FROM cast_info  WHERE cast_info.nr_order < 42.65 ORDER BY cast_info.person_role_id LIMIT 100;,role_search
"SELECT cast_info.movie_id, cast_info.id, cast_info.nr_order, cast_info.note, cast_info.role_id, cast_info.person_id FROM cast_info  WHERE cast_info.id < 99.07 AND cast_info.person_role_id BETWEEN 1428854.79 AND 1711485.21 AND cast_info.movie_id < 4425609.4 AND cast_info.nr_order < 8.4 ORDER BY cast_info.role_id LIMIT 100;",award_season
"SELECT cast_info.id, cast_info.movie_id, cast_info.role_id, cast_info.person_id, cast_info.person_role_id, cast_info.nr_order FROM cast_info  WHERE cast_info.person_role_id < 92.65 ORDER BY cast_info.nr_order LIMIT 100;",popular_actor
"SELECT cast_info.person_id, cast_info.nr_order, cast_info.id, cast_info.movie_id FROM cast_info  WHERE cast_info.nr_order < 27.85 AND cast_info.person_role_id BETWEEN 1491661.55 AND 1648678.45 AND cast_info.note LIKE 'sample' ORDER BY cast_info.person_id LIMIT 100;",popular_actor
"SELECT cast_info.nr_order, cast_info.note, cast_info.id FROM cast_info  WHERE cast_info.role_id > NULL ORDER BY cast_info.id LIMIT 100;",popular_actor
"SELECT cast_info.id, cast_info.note, cast_info.nr_order, cast_info.role_id, cast_info.person_role_id, cast_info.movie_id FROM cast_info  WHERE cast_info.person_role_id > 96.16 ORDER BY cast_info.nr_order LIMIT 100;",popular_actor
SELECT cast_info.id FROM cast_info  WHERE cast_info.movie_id < 38.3 AND cast_info.note = 'sample' ORDER BY cast_info.id LIMIT 100;,popular_actor
"SELECT cast_info.role_id, cast_info.id FROM cast_info  WHERE cast_info.movie_id > 13 ORDER BY cast_info.role_id LIMIT 100;",movie_cast
"SELECT cast_info.person_id, cast_info.movie_id, cast_info.note FROM cast_info  WHERE cast_info.movie_id BETWEEN 1225098.39 AND 1300877.61 ORDER BY cast_info.movie_id LIMIT 100;",award_season
"SELECT cast_info.person_id, cast_info.movie_id, cast_info.note, cast_info.nr_order FROM cast_info  WHERE cast_info.movie_id BETWEEN 1262988.0 AND 1262988.0 AND cast_info.person_role_id BETWEEN 1428854.79 AND 1711485.21 ORDER BY cast_info.movie_id LIMIT 100;",movie_cast
"SELECT cast_info.note, cast_info.person_role_id, cast_info.nr_order, cast_info.id, cast_info.role_id, cast_info.person_id FROM cast_info  WHERE cast_info.note LIKE 'sample' AND cast_info.id BETWEEN 16853621.03 AND 19390724.97 AND cast_info.movie_id > 3 AND cast_info.role_id < 54.86 ORDER BY cast_info.person_role_id LIMIT 100;",movie_cast
"SELECT cast_info.person_id, cast_info.role_id, cast_info.nr_order FROM cast_info  WHERE cast_info.id BETWEEN 16853621.03 AND 19390724.97 AND cast_info.nr_order < 5.97 AND cast_info.note = 'sample' AND cast_info.person_role_id > 64.31 ORDER BY cast_info.nr_order LIMIT 100;",multi_criteria
"SELECT cast_info.id, cast_info.note, cast_info.nr_order, cast_info.role_id, cast_info.person_role_id, cast_info.movie_id FROM cast_info  WHERE cast_info.person_role_id > 61.59 ORDER BY cast_info.nr_order LIMIT 100;",role_search
"SELECT cast_info.person_id, cast_info.id, cast_info.nr_order, cast_info.movie_id, cast_info.role_id FROM cast_info  WHERE cast_info.person_role_id < 98.26 AND cast_info.note LIKE 'sample' AND cast_info.nr_order > 45.32 ORDER BY cast_info.nr_order LIMIT 100;",popular_actor
"SELECT cast_info.person_id, cast_info.movie_id, cast_info.note, cast_info.id, cast_info.nr_order, cast_info.person_role_id FROM cast_info  WHERE cast_info.movie_id > 38.79 AND cast_info.note = 'sample' AND cast_info.id > 78.04 ORDER BY cast_info.nr_order LIMIT 100;",popular_actor
SELECT cast_info.movie_id FROM cast_info  WHERE cast_info.note LIKE 'sample' AND cast_info.person_role_id < 59.04 ORDER BY cast_info.movie_id LIMIT 100;,role_search
"SELECT cast_info.person_id, cast_info.person_role_id, cast_info.movie_id, cast_info.role_id FROM cast_info  WHERE cast_info.movie_id BETWEEN 1212468.52 AND 1313507.48 AND cast_info.person_id BETWEEN 1990344.76 AND 2071583.24 ORDER BY cast_info.person_role_id LIMIT 100;",role_search
"SELECT cast_info.id, cast_info.role_id, cast_info.person_role_id, cast_info.movie_id FROM cast_info  WHERE cast_info.movie_id BETWEEN 1237728.26 AND 1288247.74 AND cast_info.role_id < 3.76 AND cast_info.person_id < 72.5 ORDER BY cast_info.movie_id LIMIT 100;",movie_cast
"SELECT cast_info.note, cast_info.person_role_id, cast_info.id, cast_info.movie_id, cast_info.nr_order FROM cast_info  WHERE cast_info.person_role_id > 70.69 ORDER BY cast_info.nr_order LIMIT 100;",role_search
"SELECT cast_info.person_id, cast_info.person_role_id, cast_info.role_id, cast_info.movie_id FROM cast_info  WHERE cast_info.id < 19.14 AND cast_info.note LIKE 'sample' AND cast_info.person_role_id BETWEEN 1460258.17 AND 1680081.83 AND cast_info.nr_order < 8.71 ORDER BY cast_info.person_role_id LIMIT 100;",award_season
"SELECT cast_info.nr_order, cast_info.role_id, cast_info.person_role_id, cast_info.note, cast_info.person_id FROM cast_info  WHERE cast_info.person_id < 8 AND cast_info.role_id BETWEEN 5.75 AND 6.25 AND cast_info.person_role_id BETWEEN 1444556.48 AND 1695783.52 AND cast_info.movie_id > 4949251.42 ORDER BY cast_info.role_id LIMIT 100;",award_season
"SELECT cast_info.role_id, cast_info.nr_order, cast_info.id, cast_info.movie_id FROM cast_info  WHERE cast_info.nr_order < 52.41 AND cast_info.note = 'sample' AND cast_info.movie_id BETWEEN 1199838.65 AND 1326137.35 ORDER BY cast_info.movie_id LIMIT 100;",popular_actor
SELECT cast_info.id FROM cast_info  WHERE cast_info.movie_id < 32.89 AND cast_info.note = 'sample' ORDER BY cast_info.id LIMIT 100;,role_search
"SELECT cast_info.person_id, cast_info.movie_id, cast_info.note, cast_info.nr_order FROM cast_info  WHERE cast_info.movie_id BETWEEN 1262988.0 AND 1262988.0 AND cast_info.person_role_id BETWEEN 1428854.79 AND 1711485.21 ORDER BY cast_info.movie_id LIMIT 100;",movie_cast
"SELECT cast_info.person_role_id, cast_info.person_id, cast_info.role_id FROM cast_info  WHERE cast_info.person_role_id > 71.38 AND cast_info.nr_order < 68.15 ORDER BY cast_info.person_role_id LIMIT 100;",popular_actor
"SELECT cast_info.movie_id, cast_info.person_role_id, cast_info.note, cast_info.role_id, cast_info.person_id FROM cast_info  WHERE cast_info.note = 'sample' AND cast_info.role_id BETWEEN 5.75 AND 6.25 ORDER BY cast_info.role_id LIMIT 100;",movie_cast
"SELECT cast_info.note, cast_info.id, cast_info.role_id, cast_info.person_id, cast_info.nr_order FROM cast_info  WHERE cast_info.role_id BETWEEN 5.75 AND 6.25 AND cast_info.nr_order < 17.41 AND cast_info.note = 'sample' ORDER BY cast_info.nr_order LIMIT 100;",popular_actor
"SELECT cast_info.person_id, cast_info.nr_order, cast_info.id, cast_info.movie_id FROM cast_info  WHERE cast_info.nr_order < 18.45 AND cast_info.person_role_id BETWEEN 1491661.55 AND 1648678.45 AND cast_info.note LIKE 'sample' ORDER BY cast_info.person_id LIMIT 100;",multi_criteria
"SELECT cast_info.movie_id, cast_info.id, cast_info.role_id, cast_info.note, cast_info.nr_order FROM cast_info  WHERE cast_info.note = 'sample' ORDER BY cast_info.note LIMIT 100;",role_search
SELECT cast_info.id FROM cast_info  WHERE cast_info.movie_id < 33.84 AND cast_info.note = 'sample' ORDER BY cast_info.id LIMIT 100;,role_search
SELECT cast_info.role_id FROM cast_info  WHERE cast_info.nr_order > 32.97 ORDER BY cast_info.role_id LIMIT 100;,role_search
"SELECT cast_info.person_role_id, cast_info.nr_order, cast_info.movie_id, cast_info.note FROM cast_info  WHERE cast_info.movie_id BETWEEN 1212468.52 AND 1313507.48 AND cast_info.person_role_id < 46.81 AND cast_info.nr_order < 11.1 ORDER BY cast_info.note LIMIT 100;",popular_actor
"SELECT cast_info.note, cast_info.nr_order, cast_info.role_id, cast_info.person_role_id FROM cast_info  WHERE cast_info.id BETWEEN 16672399.32 AND 19571946.68 AND cast_info.movie_id BETWEEN 1262988.0 AND 1262988.0 AND cast_info.nr_order < 48.91 AND cast_info.role_id > NULL ORDER BY cast_info.nr_order LIMIT 100;",popular_actor
"SELECT cast_info.note, cast_info.movie_id, cast_info.id FROM cast_info  WHERE cast_info.person_role_id < 77.08 AND cast_info.nr_order BETWEEN 490951192.6 AND 624846972.4 AND cast_info.note LIKE 'sample' ORDER BY cast_info.note LIMIT 100;",movie_cast
"SELECT cast_info.note, cast_info.movie_id, cast_info.nr_order FROM cast_info  WHERE cast_info.nr_order BETWEEN 412845321.05 AND 702952843.95 AND cast_info.person_id < 62.66 AND cast_info.id BETWEEN 16853621.03 AND 19390724.97 ORDER BY cast_info.note LIMIT 100;",movie_cast
"SELECT cast_info.person_id, cast_info.person_role_id, cast_info.role_id FROM cast_info  WHERE cast_info.role_id < NULL AND cast_info.person_role_id > 94.12 AND cast_info.movie_id > 4663445.21 AND cast_info.id > 48.93 ORDER BY cast_info.person_id LIMIT 100;",award_season
"SELECT cast_info.person_id, cast_info.nr_order, cast_info.id, cast_info.movie_id FROM cast_info  WHERE cast_info.nr_order < 41.55 AND cast_info.person_role_id BETWEEN 1491661.55 AND 1648678.45 AND cast_info.note LIKE 'sample' ORDER BY cast_info.person_id LIMIT 100;",award_season
SELECT cast_info.movie_id FROM cast_info  WHERE cast_info.note LIKE 'sample' AND cast_info.person_role_id < 67.34 ORDER BY cast_info.movie_id LIMIT 100;,popular_actor
"SELECT cast_info.person_role_id, cast_info.person_id, cast_info.note FROM cast_info  WHERE cast_info.movie_id BETWEEN 1225098.39 AND 1300877.61 AND cast_info.nr_order BETWEEN 463056238.475 AND 652741926.525 AND cast_info.role_id BETWEEN 5.75 AND 6.25 ORDER BY cast_info.person_id LIMIT 100;",movie_cast
SELECT cast_info.id FROM cast_info  WHERE cast_info.person_role_id > 67.34 AND cast_info.note = 'sample' ORDER BY cast_info.id LIMIT 100;,movie_cast
"SELECT cast_info.person_id, cast_info.role_id, cast_info.id, cast_info.person_role_id FROM cast_info  WHERE cast_info.movie_id > 20.15 AND cast_info.person_id > 2273274.87 AND cast_info.person_role_id < 46.57 AND cast_info.id < 53.73 ORDER BY cast_info.id LIMIT 100;",role_search
"SELECT cast_info.role_id, cast_info.note, cast_info.movie_id FROM cast_info  WHERE cast_info.nr_order BETWEEN 496530183.425 AND 619267981.575 AND cast_info.id > 43.74 AND cast_info.person_role_id > 91.59 ORDER BY cast_info.movie_id LIMIT 100;",movie_cast
"SELECT cast_info.person_id, cast_info.id, cast_info.nr_order, cast_info.movie_id, cast_info.role_id FROM cast_info  WHERE cast_info.person_role_id < 58.26 AND cast_info.note LIKE 'sample' AND cast_info.nr_order > 21.23 ORDER BY cast_info.nr_order LIMIT 100;",movie_cast
"SELECT cast_info.note, cast_info.nr_order, cast_info.role_id, cast_info.person_role_id FROM cast_info  WHERE cast_info.id BETWEEN 16672399.32 AND 19571946.68 AND cast_info.movie_id BETWEEN 1262988.0 AND 1262988.0 AND cast_info.nr_order < 31.35 AND cast_info.role_id > NULL ORDER BY cast_info.nr_order LIMIT 100;",popular_actor
"SELECT cast_info.movie_id, cast_info.person_id, cast_info.id, cast_info.note, cast_info.nr_order, cast_info.person_role_id FROM cast_info  WHERE cast_info.person_id > 423092.17 AND cast_info.id > 81.9 AND cast_info.person_role_id > 92.7 AND cast_info.role_id BETWEEN 5.75 AND 6.25 ORDER BY cast_info.person_id LIMIT 100;",multi_criteria
"SELECT cast_info.note, cast_info.id, cast_info.role_id, cast_info.person_id, cast_info.nr_order FROM cast_info  WHERE cast_info.role_id BETWEEN 5.75 AND 6.25 AND cast_info.nr_order < 92.19 AND cast_info.note = 'sample' ORDER BY cast_info.nr_order LIMIT 100;",role_search
"SELECT cast_info.id, cast_info.person_role_id, cast_info.role_id, cast_info.nr_order, cast_info.movie_id FROM cast_info  WHERE cast_info.id BETWEEN 16491177.61 AND 19753168.39 AND cast_info.movie_id < 4967631.55 AND cast_info.nr_order BETWEEN 446319266.0 AND 669478899.0 ORDER BY cast_info.id LIMIT 100;",award_season
"SELECT cast_info.person_role_id, cast_info.id, cast_info.person_id, cast_info.note, cast_info.nr_order, cast_info.movie_id FROM cast_info  WHERE cast_info.person_id < 2 AND cast_info.note LIKE 'sample' AND cast_info.role_id BETWEEN 5.75 AND 6.25 AND cast_info.id < 83.57 ORDER BY cast_info.nr_order LIMIT 100;",popular_actor
SELECT cast_info.role_id FROM cast_info  WHERE cast_info.person_role_id < 68.53 AND cast_info.note = 'sample' AND cast_info.id < 86.73 AND cast_info.role_id BETWEEN 5.75 AND 6.25 ORDER BY cast_info.role_id LIMIT 100;,role_search
"SELECT cast_info.person_id, cast_info.role_id FROM cast_info  WHERE cast_info.nr_order > 26.97 AND cast_info.id < 62.62 ORDER BY cast_info.person_id LIMIT 100;",movie_cast
"SELECT cast_info.person_role_id, cast_info.id, cast_info.person_id, cast_info.note, cast_info.nr_order, cast_info.movie_id FROM cast_info  WHERE cast_info.person_id < 3 AND cast_info.note LIKE 'sample' AND cast_info.role_id BETWEEN 5.75 AND 6.25 AND cast_info.id < 50.32 ORDER BY cast_info.nr_order LIMIT 100;",popular_actor
"SELECT cast_info.movie_id, cast_info.id, cast_info.role_id, cast_info.note, cast_info.nr_order FROM cast_info  WHERE cast_info.note = 'sample' ORDER BY cast_info.note LIMIT 100;",popular_actor
SELECT cast_info.movie_id FROM cast_info  WHERE cast_info.note LIKE 'sample' AND cast_info.person_role_id < 88.23 ORDER BY cast_info.movie_id LIMIT 100;,popular_actor
"SELECT cast_info.id, cast_info.movie_id, cast_info.person_role_id, cast_info.nr_order FROM cast_info  WHERE cast_info.person_role_id BETWEEN 1413153.1 AND 1727186.9 AND cast_info.note = 'sample' AND cast_info.id BETWEEN 17216064.45 AND 19028281.55 ORDER BY cast_info.id LIMIT 100;",movie_cast
"SELECT cast_info.person_role_id, cast_info.person_id, cast_info.note, cast_info.id FROM cast_info  WHERE cast_info.note = 'sample' AND cast_info.person_role_id < 63.08 AND cast_info.person_id BETWEEN 1929415.9 AND 2132512.1 ORDER BY cast_info.id LIMIT 100;",role_search
"SELECT cast_info.person_id, cast_info.role_id FROM cast_info  WHERE cast_info.nr_order > 21.54 AND cast_info.id < 71.1 ORDER BY cast_info.person_id LIMIT 100;",role_search
"SELECT cast_info.person_role_id, cast_info.id, cast_info.person_id, cast_info.note, cast_info.nr_order, cast_info.movie_id FROM cast_info  WHERE cast_info.person_id < 239722.79 AND cast_info.note LIKE 'sample' AND cast_info.role_id BETWEEN 5.75 AND 6.25 AND cast_info.id < 2.28 ORDER BY cast_info.nr_order LIMIT 100;",multi_criteria
"SELECT cast_info.note, cast_info.nr_order FROM cast_info  WHERE cast_info.movie_id BETWEEN 1212468.52 AND 1313507.48 AND cast_info.person_role_id < 70.2 AND cast_info.note LIKE 'sample' ORDER BY cast_info.note LIMIT 100;",movie_cast
"SELECT cast_info.note, cast_info.person_role_id, cast_info.nr_order, cast_info.id, cast_info.role_id, cast_info.person_id FROM cast_info  WHERE cast_info.note LIKE 'sample' AND cast_info.id BETWEEN 16853621.03 AND 19390724.97 AND cast_info.movie_id > 329399.45 AND cast_info.role_id < NULL ORDER BY cast_info.person_role_id LIMIT 100;",multi_criteria
"SELECT cast_info.person_id, cast_info.role_id, cast_info.person_role_id, cast_info.note, cast_info.movie_id, cast_info.nr_order FROM cast_info  WHERE cast_info.role_id BETWEEN 5.75 AND 6.25 AND cast_info.nr_order > 23.61 ORDER BY cast_info.nr_order LIMIT 100;",popular_actor
"SELECT cast_info.note, cast_info.nr_order, cast_info.role_id, cast_info.id, cast_info.movie_id, cast_info.person_id FROM cast_info  WHERE cast_info.person_id > 1 AND cast_info.movie_id < 22.76 AND cast_info.person_role_id < 10.76 AND cast_info.nr_order < 86.8 ORDER BY cast_info.person_id LIMIT 100;",popular_actor
"SELECT cast_info.nr_order, cast_info.id FROM cast_info  WHERE cast_info.person_role_id BETWEEN 1413153.1 AND 1727186.9 ORDER BY cast_info.nr_order LIMIT 100;",multi_criteria
"SELECT cast_info.nr_order, cast_info.id, cast_info.person_role_id FROM cast_info  WHERE cast_info.id BETWEEN 17034842.74 AND 19209503.26 AND cast_info.movie_id < 1 AND cast_info.role_id < 90.84 AND cast_info.person_id BETWEEN 1990344.76 AND 2071583.24 ORDER BY cast_info.person_role_id LIMIT 100;",movie_cast
"SELECT cast_info.note, cast_info.role_id FROM cast_info  WHERE cast_info.nr_order < 53.34 AND cast_info.person_role_id BETWEEN 1428854.79 AND 1711485.21 AND cast_info.note LIKE 'sample' ORDER BY cast_info.note LIMIT 100;",role_search
"SELECT cast_info.person_id, cast_info.movie_id, cast_info.note, cast_info.id, cast_info.nr_order, cast_info.person_role_id FROM cast_info  WHERE cast_info.movie_id > 51.53 AND cast_info.note = 'sample' AND cast_info.id > 74.36 ORDER BY cast_info.nr_order LIMIT 100;",role_search
"SELECT cast_info.person_id, cast_info.movie_id, cast_info.note FROM cast_info  WHERE cast_info.movie_id BETWEEN 1225098.39 AND 1300877.61 ORDER BY cast_info.movie_id LIMIT 100;",award_season
SELECT cast_info.movie_id FROM cast_info  WHERE cast_info.person_id < 1949825.7 ORDER BY cast_info.movie_id LIMIT 100;,role_search
"SELECT cast_info.person_id, cast_info.movie_id, cast_info.note, cast_info.id, cast_info.nr_order, cast_info.person_role_id FROM cast_info  WHERE cast_info.movie_id > 16.88 AND cast_info.note = 'sample' AND cast_info.id > 48.91 ORDER BY cast_info.nr_order LIMIT 100;",popular_actor
SELECT cast_info.nr_order FROM cast_info  WHERE cast_info.nr_order < 20.42 AND cast_info.person_role_id < 26.67 AND cast_info.id < 20.5 ORDER BY cast_info.nr_order LIMIT 100;,role_search
"SELECT cast_info.id, cast_info.nr_order FROM cast_info  WHERE cast_info.id > 99.98 AND cast_info.nr_order BETWEEN 429582293.525 AND 686215871.475 AND cast_info.note LIKE 'sample' ORDER BY cast_info.nr_order LIMIT 100;",popular_actor
"SELECT cast_info.nr_order, cast_info.role_id, cast_info.id, cast_info.movie_id, cast_info.note FROM cast_info  WHERE cast_info.person_role_id < 40.43 ORDER BY cast_info.movie_id LIMIT 100;",multi_criteria
"SELECT cast_info.nr_order, cast_info.person_role_id, cast_info.movie_id, cast_info.note, cast_info.person_id FROM cast_info  WHERE cast_info.nr_order < 19.66 AND cast_info.note = 'sample' AND cast_info.movie_id BETWEEN 1225098.39 AND 1300877.61 AND cast_info.person_role_id > 42.47 ORDER BY cast_info.person_role_id LIMIT 100;",movie_cast
SELECT cast_info.nr_order FROM cast_info  WHERE cast_info.person_id BETWEEN 1990344.76 AND 2071583.24 ORDER BY cast_info.nr_order LIMIT 100;,award_season
"SELECT cast_info.movie_id, cast_info.person_id FROM cast_info  WHERE cast_info.person_role_id < 33.32 AND cast_info.nr_order < 26.52 AND cast_info.movie_id < 2 ORDER BY cast_info.person_id LIMIT 100;",movie_cast
"SELECT cast_info.note, cast_info.movie_id, cast_info.id FROM cast_info  WHERE cast_info.person_role_id < 54.1 AND cast_info.nr_order BETWEEN 490951192.6 AND 624846972.4 AND cast_info.note LIKE 'sample' ORDER BY cast_info.note LIMIT 100;",award_season
"SELECT cast_info.note, cast_info.person_role_id, cast_info.id, cast_info.movie_id, cast_info.nr_order FROM cast_info  WHERE cast_info.person_role_id > 40.06 ORDER BY cast_info.nr_order LIMIT 100;",role_search
"SELECT cast_info.person_role_id, cast_info.person_id, cast_info.note FROM cast_info  WHERE cast_info.movie_id BETWEEN 1225098.39 AND 1300877.61 AND cast_info.nr_order BETWEEN 463056238.475 AND 652741926.525 AND cast_info.role_id BETWEEN 5.75 AND 6.25 ORDER BY cast_info.person_id LIMIT 100;",award_season
"SELECT cast_info.nr_order, cast_info.role_id, cast_info.person_role_id, cast_info.note, cast_info.person_id FROM cast_info  WHERE cast_info.person_id < 6.5 AND cast_info.role_id BETWEEN 5.75 AND 6.25 AND cast_info.person_role_id BETWEEN 1444556.48 AND 1695783.52 AND cast_info.movie_id > 2 ORDER BY cast_info.role_id LIMIT 100;",movie_cast
"SELECT cast_info.role_id, cast_info.note, cast_info.movie_id FROM cast_info  WHERE cast_info.nr_order BETWEEN 496530183.425 AND 619267981.575 AND cast_info.id > 75.69 AND cast_info.person_role_id > 39.46 ORDER BY cast_info.movie_id LIMIT 100;",popular_actor
SELECT cast_info.person_role_id FROM cast_info  WHERE cast_info.nr_order < 7.89 ORDER BY cast_info.person_role_id LIMIT 100;,movie_cast
"SELECT cast_info.id, cast_info.person_role_id, cast_info.role_id, cast_info.movie_id FROM cast_info  WHERE cast_info.nr_order > 50.9 AND cast_info.person_id < 1 AND cast_info.person_role_id BETWEEN 1460258.17 AND 1680081.83 ORDER BY cast_info.id LIMIT 100;",award_season
"SELECT cast_info.person_id, cast_info.movie_id, cast_info.note, cast_info.id, cast_info.nr_order, cast_info.person_role_id FROM cast_info  WHERE cast_info.movie_id > 4634109.72 AND cast_info.note = 'sample' AND cast_info.id > 86.81 ORDER BY cast_info.nr_order LIMIT 100;",award_season
"SELECT cast_info.person_id, cast_info.person_role_id, cast_info.role_id FROM cast_info  WHERE cast_info.role_id < NULL AND cast_info.person_role_id > 79.99 AND cast_info.movie_id > 539954.0 AND cast_info.id > 23.19 ORDER BY cast_info.person_id LIMIT 100;",multi_criteria
"SELECT cast_info.nr_order, cast_info.role_id, cast_info.person_role_id, cast_info.note, cast_info.person_id FROM cast_info  WHERE cast_info.person_id < 4 AND cast_info.role_id BETWEEN 5.75 AND 6.25 AND cast_info.person_role_id BETWEEN 1444556.48 AND 1695783.52 AND cast_info.movie_id > 4507671.28 ORDER BY cast_info.role_id LIMIT 100;",award_season
"SELECT cast_info.role_id, cast_info.nr_order, cast_info.id, cast_info.movie_id FROM cast_info  WHERE cast_info.nr_order < 4.95 AND cast_info.note = 'sample' AND cast_info.movie_id BETWEEN 1199838.65 AND 1326137.35 ORDER BY cast_info.movie_id LIMIT 100;",movie_cast
"SELECT cast_info.role_id, cast_info.person_id, cast_info.nr_order, cast_info.person_role_id, cast_info.movie_id FROM cast_info  WHERE cast_info.movie_id BETWEEN 1250358.13 AND 1275617.87 AND cast_info.person_role_id > 62.45 AND cast_info.person_id > 3366229.6 AND cast_info.note = 'sample' ORDER BY cast_info.person_id LIMIT 100;",role_search
"SELECT cast_info.note, cast_info.nr_order FROM cast_info  WHERE cast_info.movie_id BETWEEN 1212468.52 AND 1313507.48 AND cast_info.person_role_id < 40.01 AND cast_info.note LIKE 'sample' ORDER BY cast_info.note LIMIT 100;",multi_criteria
"SELECT cast_info.note, cast_info.id, cast_info.role_id, cast_info.person_id, cast_info.nr_order FROM cast_info  WHERE cast_info.role_id BETWEEN 5.75 AND 6.25 AND cast_info.nr_order < 24.08 AND cast_info.note = 'sample' ORDER BY cast_info.nr_order LIMIT 100;",award_season
SELECT cast_info.note FROM cast_info  WHERE cast_info.nr_order > 61.45 ORDER BY cast_info.note LIMIT 100;,role_search
"SELECT cast_info.role_id, cast_info.nr_order, cast_info.id, cast_info.person_role_id, cast_info.movie_id, cast_info.note FROM cast_info  WHERE cast_info.note LIKE 'sample' AND cast_info.movie_id < 85.47 AND cast_info.person_id < 3 AND cast_info.nr_order < 21.59 ORDER BY cast_info.movie_id LIMIT 100;",popular_actor
"SELECT cast_info.person_role_id, cast_info.person_id, cast_info.note FROM cast_info  WHERE cast_info.movie_id BETWEEN 1225098.39 AND 1300877.61 AND cast_info.nr_order BETWEEN 463056238.475 AND 652741926.525 AND cast_info.role_id BETWEEN 5.75 AND 6.25 ORDER BY cast_info.person_id LIMIT 100;",multi_criteria
"SELECT cast_info.role_id, cast_info.note, cast_info.movie_id FROM cast_info  WHERE cast_info.nr_order BETWEEN 496530183.425 AND 619267981.575 AND cast_info.id > 38.29 AND cast_info.person_role_id > 52.81 ORDER BY cast_info.movie_id LIMIT 100;",multi_criteria
"SELECT cast_info.person_role_id, cast_info.nr_order, cast_info.note, cast_info.movie_id, cast_info.person_id FROM cast_info  WHERE cast_info.id > 47.91 AND cast_info.person_id BETWEEN 1990344.76 AND 2071583.24 AND cast_info.role_id < NULL ORDER BY cast_info.nr_order LIMIT 100;",multi_criteria
"SELECT cast_info.person_role_id, cast_info.id, cast_info.person_id, cast_info.note, cast_info.nr_order, cast_info.movie_id FROM cast_info  WHERE cast_info.person_id < 137 AND cast_info.note LIKE 'sample' AND cast_info.role_id BETWEEN 5.75 AND 6.25 AND cast_info.id < 49.94 ORDER BY cast_info.nr_order LIMIT 100;",award_season
"SELECT cast_info.role_id, cast_info.note, cast_info.person_id, cast_info.id, cast_info.nr_order, cast_info.movie_id FROM cast_info  WHERE cast_info.role_id BETWEEN 5.75 AND 6.25 ORDER BY cast_info.movie_id LIMIT 100;",movie_cast
"SELECT cast_info.movie_id, cast_info.person_id FROM cast_info  WHERE cast_info.person_role_id < 51.34 AND cast_info.nr_order < 3.3 AND cast_info.movie_id < 5.11 ORDER BY cast_info.person_id LIMIT 100;",role_search
"SELECT cast_info.role_id, cast_info.note, cast_info.movie_id FROM cast_info  WHERE cast_info.nr_order BETWEEN 496530183.425 AND 619267981.575 AND cast_info.id > 57.55 AND cast_info.person_role_id > 32.57 ORDER BY cast_info.movie_id LIMIT 100;",award_season
"SELECT cast_info.movie_id, cast_info.person_id FROM cast_info  WHERE cast_info.person_role_id < 34.28 AND cast_info.nr_order < 36.53 AND cast_info.movie_id < 1180308.47 ORDER BY cast_info.person_id LIMIT 100;",multi_criteria
"SELECT cast_info.person_id, cast_info.note, cast_info.id, cast_info.nr_order, cast_info.movie_id FROM cast_info  WHERE cast_info.person_id < 1 ORDER BY cast_info.person_id LIMIT 100;",award_season
SELECT cast_info.note FROM cast_info  WHERE cast_info.role_id > 8.79 AND cast_info.person_id BETWEEN 2010654.38 AND 2051273.62 ORDER BY cast_info.note LIMIT 100;,movie_cast
"SELECT cast_info.person_role_id, cast_info.role_id, cast_info.person_id FROM cast_info  WHERE cast_info.nr_order < 22.02 AND cast_info.role_id > NULL ORDER BY cast_info.person_role_id LIMIT 100;",multi_criteria
"SELECT cast_info.note, cast_info.nr_order FROM cast_info  WHERE cast_info.movie_id BETWEEN 1212468.52 AND 1313507.48 AND cast_info.person_role_id < 57.8 AND cast_info.note LIKE 'sample' ORDER BY cast_info.note LIMIT 100;",movie_cast
SELECT cast_info.note FROM cast_info  WHERE cast_info.role_id > 83.72 AND cast_info.person_id BETWEEN 2010654.38 AND 2051273.62 ORDER BY cast_info.note LIMIT 100;,movie_cast
"SELECT cast_info.id, cast_info.note, cast_info.nr_order, cast_info.role_id, cast_info.person_role_id, cast_info.movie_id FROM cast_info  WHERE cast_info.person_role_id > 22.11 ORDER BY cast_info.nr_order LIMIT 100;",movie_cast
"SELECT cast_info.note, cast_info.nr_order FROM cast_info  WHERE cast_info.movie_id BETWEEN 1212468.52 AND 1313507.48 AND cast_info.person_role_id < 90.45 AND cast_info.note LIKE 'sample' ORDER BY cast_info.note LIMIT 100;",multi_criteria
"SELECT cast_info.person_role_id, cast_info.id, cast_info.person_id, cast_info.note, cast_info.nr_order, cast_info.movie_id FROM cast_info  WHERE cast_info.person_id < 3066812.03 AND cast_info.note LIKE 'sample' AND cast_info.role_id BETWEEN 5.75 AND 6.25 AND cast_info.id < 41.89 ORDER BY cast_info.nr_order LIMIT 100;",role_search
"SELECT cast_info.note, cast_info.person_role_id, cast_info.nr_order, cast_info.id, cast_info.role_id, cast_info.person_id FROM cast_info  WHERE cast_info.note LIKE 'sample' AND cast_info.id BETWEEN 16853621.03 AND 19390724.97 AND cast_info.movie_id > 766328.54 AND cast_info.role_id < NULL ORDER BY cast_info.person_role_id LIMIT 100;",multi_criteria
"SELECT cast_info.person_id, cast_info.movie_id, cast_info.note, cast_info.nr_order FROM cast_info  WHERE cast_info.movie_id BETWEEN 1262988.0 AND 1262988.0 AND cast_info.person_role_id BETWEEN 1428854.79 AND 1711485.21 ORDER BY cast_info.movie_id LIMIT 100;",award_season
"SELECT cast_info.note, cast_info.person_role_id, cast_info.id, cast_info.movie_id, cast_info.nr_order FROM cast_info  WHERE cast_info.person_role_id > 20.54 ORDER BY cast_info.nr_order LIMIT 100;",movie_cast
"SELECT cast_info.person_id, cast_info.note, cast_info.id, cast_info.nr_order, cast_info.movie_id FROM cast_info  WHERE cast_info.person_id < 609 ORDER BY cast_info.person_id LIMIT 100;",popular_actor
"SELECT cast_info.person_id, cast_info.role_id FROM cast_info  WHERE cast_info.nr_order > 40.13 AND cast_info.id < 77.91 ORDER BY cast_info.person_id LIMIT 100;",popular_actor
"SELECT cast_info.role_id, cast_info.note, cast_info.person_id, cast_info.id, cast_info.nr_order, cast_info.movie_id FROM cast_info  WHERE cast_info.role_id BETWEEN 5.75 AND 6.25 ORDER BY cast_info.movie_id LIMIT 100;",multi_criteria
"SELECT cast_info.id, cast_info.person_role_id, cast_info.role_id, cast_info.movie_id FROM cast_info  WHERE cast_info.nr_order > 92.78 AND cast_info.person_id < 1942 AND cast_info.person_role_id BETWEEN 1460258.17 AND 1680081.83 ORDER BY cast_info.id LIMIT 100;",award_season
"SELECT cast_info.person_role_id, cast_info.note, cast_info.role_id, cast_info.movie_id FROM cast_info  WHERE cast_info.person_role_id BETWEEN 1444556.48 AND 1695783.52 AND cast_info.id > 45.39 AND cast_info.person_id > 1846960.23 AND cast_info.movie_id < 98.66 ORDER BY cast_info.movie_id LIMIT 100;",role_search
"SELECT cast_info.note, cast_info.movie_id, cast_info.id FROM cast_info  WHERE cast_info.person_role_id < 41.85 AND cast_info.nr_order BETWEEN 490951192.6 AND 624846972.4 AND cast_info.note LIKE 'sample' ORDER BY cast_info.note LIMIT 100;",movie_cast
"SELECT cast_info.nr_order, cast_info.note, cast_info.person_id, cast_info.role_id FROM cast_info  WHERE cast_info.person_role_id > 18.32 AND cast_info.movie_id < 79.88 AND cast_info.role_id BETWEEN 5.75 AND 6.25 AND cast_info.id > 96.84 ORDER BY cast_info.role_id LIMIT 100;",role_search
SELECT cast_info.nr_order FROM cast_info  WHERE cast_info.person_id > 829487.01 AND cast_info.role_id < NULL AND cast_info.nr_order < 13.87 AND cast_info.note = 'sample' ORDER BY cast_info.nr_order LIMIT 100;,multi_criteria
SELECT cast_info.note FROM cast_info  WHERE cast_info.nr_order > 3.52 ORDER BY cast_info.note LIMIT 100;,multi_criteria
"SELECT cast_info.person_id, cast_info.movie_id, cast_info.person_role_id, cast_info.note, cast_info.nr_order, cast_info.id FROM cast_info  WHERE cast_info.id > 85.56 ORDER BY cast_info.movie_id LIMIT 100;",multi_criteria
"SELECT cast_info.id, cast_info.person_role_id, cast_info.role_id, cast_info.movie_id FROM cast_info  WHERE cast_info.nr_order > 10.25 AND cast_info.person_id < 64.58 AND cast_info.person_role_id BETWEEN 1460258.17 AND 1680081.83 ORDER BY cast_info.id LIMIT 100;",movie_cast
"SELECT cast_info.nr_order, cast_info.role_id, cast_info.id, cast_info.movie_id, cast_info.note FROM cast_info  WHERE cast_info.person_role_id < 11.45 ORDER BY cast_info.movie_id LIMIT 100;",popular_actor
"SELECT cast_info.role_id, cast_info.nr_order, cast_info.person_id, cast_info.movie_id, cast_info.id FROM cast_info  WHERE cast_info.note LIKE 'sample' ORDER BY cast_info.movie_id LIMIT 100;",role_search
"SELECT cast_info.movie_id, cast_info.person_role_id, cast_info.note, cast_info.role_id, cast_info.person_id FROM cast_info  WHERE cast_info.note = 'sample' AND cast_info.role_id BETWEEN 5.75 AND 6.25 ORDER BY cast_info.role_id LIMIT 100;",popular_actor
SELECT cast_info.id FROM cast_info  WHERE cast_info.person_role_id > 85.22 AND cast_info.note = 'sample' ORDER BY cast_info.id LIMIT 100;,popular_actor
"SELECT cast_info.role_id, cast_info.nr_order, cast_info.id, cast_info.person_role_id, cast_info.movie_id, cast_info.note FROM cast_info  WHERE cast_info.note LIKE 'sample' AND cast_info.movie_id < 75.18 AND cast_info.person_id < 3265318.84 AND cast_info.nr_order < 92.83 ORDER BY cast_info.movie_id LIMIT 100;",role_search
"SELECT cast_info.note, cast_info.movie_id, cast_info.id FROM cast_info  WHERE cast_info.person_role_id < 85.97 AND cast_info.nr_order BETWEEN 490951192.6 AND 624846972.4 AND cast_info.note LIKE 'sample' ORDER BY cast_info.note LIMIT 100;",movie_cast
"SELECT cast_info.person_id, cast_info.nr_order, cast_info.id, cast_info.movie_id FROM cast_info  WHERE cast_info.nr_order < 83.71 AND cast_info.person_role_id BETWEEN 1491661.55 AND 1648678.45 AND cast_info.note LIKE 'sample' ORDER BY cast_info.person_id LIMIT 100;",popular_actor
"SELECT cast_info.movie_id, cast_info.person_role_id, cast_info.note, cast_info.role_id, cast_info.person_id FROM cast_info  WHERE cast_info.note = 'sample' AND cast_info.role_id BETWEEN 5.75 AND 6.25 ORDER BY cast_info.role_id LIMIT 100;",multi_criteria
"SELECT cast_info.note, cast_info.person_role_id, cast_info.person_id, cast_info.movie_id, cast_info.id, cast_info.nr_order FROM cast_info  WHERE cast_info.person_id BETWEEN 1990344.76 AND 2071583.24 AND cast_info.id BETWEEN 16309955.9 AND 19934390.1 ORDER BY cast_info.note LIMIT 100;",popular_actor
"SELECT cast_info.role_id, cast_info.id FROM cast_info  WHERE cast_info.movie_id > 9.12 ORDER BY cast_info.role_id LIMIT 100;",popular_actor
"SELECT cast_info.person_id, cast_info.id, cast_info.nr_order, cast_info.role_id FROM cast_info  WHERE cast_info.movie_id BETWEEN 1250358.13 AND 1275617.87 ORDER BY cast_info.id LIMIT 100;",role_search
"SELECT cast_info.person_role_id, cast_info.nr_order FROM cast_info  WHERE cast_info.role_id < NULL ORDER BY cast_info.nr_order LIMIT 100;",award_season
"SELECT cast_info.note, cast_info.person_role_id, cast_info.person_id, cast_info.movie_id, cast_info.id, cast_info.nr_order FROM cast_info  WHERE cast_info.person_id BETWEEN 1990344.76 AND 2071583.24 AND cast_info.id BETWEEN 16309955.9 AND 19934390.1 ORDER BY cast_info.note LIMIT 100;",multi_criteria
"SELECT cast_info.nr_order, cast_info.role_id, cast_info.person_id, cast_info.movie_id, cast_info.note, cast_info.person_role_id FROM cast_info  WHERE cast_info.id < 65.33 AND cast_info.movie_id > 8 ORDER BY cast_info.nr_order LIMIT 100;",movie_cast
"SELECT cast_info.person_role_id, cast_info.nr_order, cast_info.movie_id, cast_info.note FROM cast_info  WHERE cast_info.movie_id BETWEEN 1212468.52 AND 1313507.48 AND cast_info.person_role_id < 66.4 AND cast_info.nr_order < 5.31 ORDER BY cast_info.note LIMIT 100;",multi_criteria
"SELECT cast_info.id, cast_info.note, cast_info.nr_order, cast_info.role_id, cast_info.person_role_id, cast_info.movie_id FROM cast_info  WHERE cast_info.person_role_id > 21.79 ORDER BY cast_info.nr_order LIMIT 100;",multi_criteria
"SELECT cast_info.id, cast_info.movie_id, cast_info.role_id, cast_info.person_id, cast_info.person_role_id, cast_info.nr_order FROM cast_info  WHERE cast_info.person_role_id < 73.55 ORDER BY cast_info.nr_order LIMIT 100;",movie_cast
"SELECT cast_info.person_id, cast_info.person_role_id, cast_info.role_id FROM cast_info  WHERE cast_info.role_id < NULL AND cast_info.person_role_id > 65.68 AND cast_info.movie_id > 82.32 AND cast_info.id > 21.26 ORDER BY cast_info.person_id LIMIT 100;",popular_actor
"SELECT cast_info.person_role_id, cast_info.person_id, cast_info.note, cast_info.id FROM cast_info  WHERE cast_info.note = 'sample' AND cast_info.person_role_id < 15.7 AND cast_info.person_id BETWEEN 1929415.9 AND 2132512.1 ORDER BY cast_info.id LIMIT 100;",movie_cast
"SELECT cast_info.nr_order, cast_info.role_id, cast_info.person_role_id, cast_info.note, cast_info.person_id FROM cast_info  WHERE cast_info.person_id < 37917 AND cast_info.role_id BETWEEN 5.75 AND 6.25 AND cast_info.person_role_id BETWEEN 1444556.48 AND 1695783.52 AND cast_info.movie_id > 4443840.94 ORDER BY cast_info.role_id LIMIT 100;",award_season
"SELECT cast_info.role_id, cast_info.id FROM cast_info  WHERE cast_info.movie_id > 1 ORDER BY cast_info.role_id LIMIT 100;",movie_cast
"SELECT cast_info.note, cast_info.id, cast_info.nr_order, cast_info.person_role_id FROM cast_info  WHERE cast_info.role_id BETWEEN 5.75 AND 6.25 AND cast_info.nr_order < 29.87 AND cast_info.note LIKE 'sample' ORDER BY cast_info.note LIMIT 100;",popular_actor
"SELECT cast_info.note, cast_info.nr_order, cast_info.role_id, cast_info.id, cast_info.movie_id, cast_info.person_id FROM cast_info  WHERE cast_info.person_id > 3 AND cast_info.movie_id < 88.74 AND cast_info.person_role_id < 8.8 AND cast_info.nr_order < 92.14 ORDER BY cast_info.person_id LIMIT 100;",popular_actor
"SELECT cast_info.note, cast_info.person_role_id, cast_info.id, cast_info.movie_id, cast_info.nr_order FROM cast_info  WHERE cast_info.person_role_id > 59.77 ORDER BY cast_info.nr_order LIMIT 100;",popular_actor
SELECT cast_info.note FROM cast_info  WHERE cast_info.nr_order > 92.29 ORDER BY cast_info.note LIMIT 100;,popular_actor
"SELECT cast_info.person_id, cast_info.role_id FROM cast_info  WHERE cast_info.id > 58.99 AND cast_info.role_id BETWEEN 5.75 AND 6.25 AND cast_info.person_role_id BETWEEN 1444556.48 AND 1695783.52 AND cast_info.movie_id < 1 ORDER BY cast_info.role_id LIMIT 100;",movie_cast
"SELECT cast_info.nr_order, cast_info.note, cast_info.id, cast_info.person_id, cast_info.movie_id, cast_info.role_id FROM cast_info  WHERE cast_info.role_id BETWEEN 5.75 AND 6.25 AND cast_info.id > 94.11 AND cast_info.person_role_id BETWEEN 1428854.79 AND 1711485.21 ORDER BY cast_info.role_id LIMIT 100;",role_search
"SELECT cast_info.movie_id, cast_info.person_id, cast_info.id, cast_info.note, cast_info.nr_order, cast_info.person_role_id FROM cast_info  WHERE cast_info.person_id > 152595.65 AND cast_info.id > 92.96 AND cast_info.person_role_id > 81.0 AND cast_info.role_id BETWEEN 5.75 AND 6.25 ORDER BY cast_info.person_id LIMIT 100;",multi_criteria
"SELECT cast_info.note, cast_info.nr_order FROM cast_info  WHERE cast_info.movie_id BETWEEN 1212468.52 AND 1313507.48 AND cast_info.person_role_id < 34.33 AND cast_info.note LIKE 'sample' ORDER BY cast_info.note LIMIT 100;",award_season
"SELECT cast_info.note, cast_info.movie_id, cast_info.nr_order FROM cast_info  WHERE cast_info.nr_order BETWEEN 412845321.05 AND 702952843.95 AND cast_info.person_id < 308691.6 AND cast_info.id BETWEEN 16853621.03 AND 19390724.97 ORDER BY cast_info.note LIMIT 100;",role_search
"SELECT cast_info.note, cast_info.nr_order, cast_info.movie_id, cast_info.role_id, cast_info.id, cast_info.person_role_id FROM cast_info  WHERE cast_info.movie_id > 1 ORDER BY cast_info.role_id LIMIT 100;",movie_cast
"SELECT cast_info.note, cast_info.nr_order FROM cast_info  WHERE cast_info.movie_id BETWEEN 1212468.52 AND 1313507.48 AND cast_info.person_role_id < 38.5 AND cast_info.note LIKE 'sample' ORDER BY cast_info.note LIMIT 100;",multi_criteria
SELECT cast_info.person_role_id FROM cast_info  WHERE cast_info.nr_order < 44.61 ORDER BY cast_info.person_role_id LIMIT 100;,award_season
"SELECT cast_info.role_id, cast_info.nr_order, cast_info.id, cast_info.person_role_id, cast_info.movie_id, cast_info.note FROM cast_info  WHERE cast_info.note LIKE 'sample' AND cast_info.movie_id < 82.48 AND cast_info.person_id < 3 AND cast_info.nr_order < 67.28 ORDER BY cast_info.movie_id LIMIT 100;",popular_actor
"SELECT cast_info.note, cast_info.person_role_id, cast_info.nr_order, cast_info.id, cast_info.role_id, cast_info.person_id FROM cast_info  WHERE cast_info.note LIKE 'sample' AND cast_info.id BETWEEN 16853621.03 AND 19390724.97 AND cast_info.movie_id > 18.69 AND cast_info.role_id < NULL ORDER BY cast_info.person_role_id LIMIT 100;",popular_actor
"SELECT cast_info.nr_order, cast_info.id FROM cast_info  WHERE cast_info.person_role_id BETWEEN 1413153.1 AND 1727186.9 ORDER BY cast_info.nr_order LIMIT 100;",popular_actor
"SELECT cast_info.person_role_id, cast_info.id, cast_info.role_id, cast_info.nr_order, cast_info.person_id, cast_info.note FROM cast_info  WHERE cast_info.nr_order BETWEEN 412845321.05 AND 702952843.95 AND cast_info.role_id BETWEEN 5.75 AND 6.25 AND cast_info.movie_id BETWEEN 1225098.39 AND 1300877.61 AND cast_info.person_id > 2 ORDER BY cast_info.nr_order LIMIT 100;",popular_actor
"SELECT cast_info.person_role_id, cast_info.id, cast_info.person_id, cast_info.note, cast_info.nr_order, cast_info.movie_id FROM cast_info  WHERE cast_info.person_id < 41.93 AND cast_info.note LIKE 'sample' AND cast_info.role_id BETWEEN 5.75 AND 6.25 AND cast_info.id < 92.33 ORDER BY cast_info.nr_order LIMIT 100;",movie_cast
"SELECT cast_info.note, cast_info.movie_id, cast_info.id FROM cast_info  WHERE cast_info.person_role_id < 8.59 AND cast_info.nr_order BETWEEN 490951192.6 AND 624846972.4 AND cast_info.note LIKE 'sample' ORDER BY cast_info.note LIMIT 100;",multi_criteria
"SELECT cast_info.note, cast_info.id, cast_info.nr_order, cast_info.person_role_id FROM cast_info  WHERE cast_info.role_id BETWEEN 5.75 AND 6.25 AND cast_info.nr_order < 73.76 AND cast_info.note LIKE 'sample' ORDER BY cast_info.note LIMIT 100;",popular_actor
"SELECT cast_info.role_id, cast_info.nr_order, cast_info.id, cast_info.movie_id FROM cast_info  WHERE cast_info.nr_order < 8.77 AND cast_info.note = 'sample' AND cast_info.movie_id BETWEEN 1199838.65 AND 1326137.35 ORDER BY cast_info.movie_id LIMIT 100;",multi_criteria
"SELECT cast_info.nr_order, cast_info.person_id FROM cast_info  WHERE cast_info.nr_order > 10.21 AND cast_info.role_id BETWEEN 5.75 AND 6.25 AND cast_info.person_role_id > 73.8 ORDER BY cast_info.nr_order LIMIT 100;",movie_cast
"SELECT cast_info.id, cast_info.movie_id, cast_info.role_id, cast_info.person_id, cast_info.person_role_id, cast_info.nr_order FROM cast_info  WHERE cast_info.person_role_id < 91.11 ORDER BY cast_info.nr_order LIMIT 100;",multi_criteria
"SELECT cast_info.person_id, cast_info.id, cast_info.nr_order, cast_info.role_id FROM cast_info  WHERE cast_info.movie_id BETWEEN 1250358.13 AND 1275617.87 ORDER BY cast_info.id LIMIT 100;",role_search
"SELECT cast_info.person_role_id, cast_info.person_id, cast_info.note, cast_info.id FROM cast_info  WHERE cast_info.note = 'sample' AND cast_info.person_role_id < 85.72 AND cast_info.person_id BETWEEN 1929415.9 AND 2132512.1 ORDER BY cast_info.id LIMIT 100;",award_season
"SELECT cast_info.person_role_id, cast_info.role_id, cast_info.person_id FROM cast_info  WHERE cast_info.nr_order < 20.04 AND cast_info.role_id > NULL ORDER BY cast_info.person_role_id LIMIT 100;",popular_actor
"SELECT cast_info.person_id, cast_info.id, cast_info.note, cast_info.person_role_id, cast_info.nr_order, cast_info.movie_id FROM cast_info  WHERE cast_info.movie_id BETWEEN 1225098.39 AND 1300877.61 AND cast_info.id BETWEEN 17034842.74 AND 19209503.26 AND cast_info.person_id > 4 ORDER BY cast_info.person_id LIMIT 100;",popular_actor
SELECT cast_info.nr_order FROM cast_info  WHERE cast_info.nr_order < -1.15 AND cast_info.person_role_id < 92.2 AND cast_info.id < 65.92 ORDER BY cast_info.nr_order LIMIT 100;,multi_criteria
"SELECT cast_info.nr_order, cast_info.person_id FROM cast_info  WHERE cast_info.nr_order > 77.11 AND cast_info.role_id BETWEEN 5.75 AND 6.25 AND cast_info.person_role_id > 48.83 ORDER BY cast_info.nr_order LIMIT 100;",role_search
SELECT cast_info.nr_order FROM cast_info  WHERE cast_info.nr_order < 13.31 AND cast_info.person_role_id < 4.73 AND cast_info.id < 62.81 ORDER BY cast_info.nr_order LIMIT 100;,role_search
"SELECT cast_info.id, cast_info.role_id, cast_info.person_role_id, cast_info.movie_id FROM cast_info  WHERE cast_info.movie_id BETWEEN 1237728.26 AND 1288247.74 AND cast_info.role_id < 3.7 AND cast_info.person_id < 1487599.78 ORDER BY cast_info.movie_id LIMIT 100;",role_search
"SELECT cast_info.id, cast_info.nr_order FROM cast_info  WHERE cast_info.id > 63.98 AND cast_info.nr_order BETWEEN 429582293.525 AND 686215871.475 AND cast_info.note LIKE 'sample' ORDER BY cast_info.nr_order LIMIT 100;",multi_criteria
"SELECT cast_info.person_role_id, cast_info.note, cast_info.role_id, cast_info.movie_id FROM cast_info  WHERE cast_info.person_role_id BETWEEN 1444556.48 AND 1695783.52 AND cast_info.id > 43.94 AND cast_info.person_id > 10 AND cast_info.movie_id < 2.22 ORDER BY cast_info.movie_id LIMIT 100;",popular_actor
SELECT cast_info.note FROM cast_info  WHERE cast_info.nr_order > 54.79 ORDER BY cast_info.note LIMIT 100;,award_season
"SELECT cast_info.person_id, cast_info.movie_id, cast_info.person_role_id, cast_info.note, cast_info.nr_order, cast_info.id FROM cast_info  WHERE cast_info.id > 90.88 ORDER BY cast_info.movie_id LIMIT 100;",popular_actor
SELECT cast_info.nr_order FROM cast_info  WHERE cast_info.nr_order < 15.11 AND cast_info.person_role_id < 90.49 AND cast_info.id < 94.59 ORDER BY cast_info.nr_order LIMIT 100;,movie_cast
"SELECT cast_info.id, cast_info.person_id FROM cast_info  WHERE cast_info.movie_id > 4890008.92 AND cast_info.person_id > 2 ORDER BY cast_info.person_id LIMIT 100;",award_season
"SELECT cast_info.movie_id, cast_info.person_id FROM cast_info  WHERE cast_info.person_role_id < 55.62 AND cast_info.nr_order < 33.73 AND cast_info.movie_id < 1 ORDER BY cast_info.person_id LIMIT 100;",movie_cast
"SELECT cast_info.role_id, cast_info.id, cast_info.person_role_id, cast_info.movie_id, cast_info.person_id FROM cast_info  WHERE cast_info.person_role_id < 67.61 ORDER BY cast_info.id LIMIT 100;",movie_cast
SELECT cast_info.id FROM cast_info  WHERE cast_info.movie_id < 4655459.39 AND cast_info.note = 'sample' ORDER BY cast_info.id LIMIT 100;,award_season
SELECT cast_info.role_id FROM cast_info  WHERE cast_info.person_role_id < 79.47 AND cast_info.note = 'sample' AND cast_info.id < 93.67 AND cast_info.role_id BETWEEN 5.75 AND 6.25 ORDER BY cast_info.role_id LIMIT 100;,award_season
SELECT cast_info.person_role_id FROM cast_info  WHERE cast_info.nr_order < -0.46 ORDER BY cast_info.person_role_id LIMIT 100;,movie_cast
"SELECT cast_info.id, cast_info.person_role_id, cast_info.role_id, cast_info.movie_id FROM cast_info  WHERE cast_info.nr_order > 23.14 AND cast_info.person_id < 307337.32 AND cast_info.person_role_id BETWEEN 1460258.17 AND 1680081.83 ORDER BY cast_info.id LIMIT 100;",multi_criteria
"SELECT cast_info.person_role_id, cast_info.person_id, cast_info.role_id FROM cast_info  WHERE cast_info.person_role_id > 10.26 AND cast_info.nr_order < 14.22 ORDER BY cast_info.person_role_id LIMIT 100;",multi_criteria
"SELECT cast_info.person_id, cast_info.id, cast_info.nr_order, cast_info.movie_id, cast_info.role_id FROM cast_info  WHERE cast_info.person_role_id < 48.14 AND cast_info.note LIKE 'sample' AND cast_info.nr_order > 24.54 ORDER BY cast_info.nr_order LIMIT 100;",multi_criteria
"SELECT cast_info.nr_order, cast_info.id, cast_info.person_role_id FROM cast_info  WHERE cast_info.id BETWEEN 17034842.74 AND 19209503.26 AND cast_info.movie_id < 1 AND cast_info.role_id < 75.08 AND cast_info.person_id BETWEEN 1990344.76 AND 2071583.24 ORDER BY cast_info.person_role_id LIMIT 100;",movie_cast
"SELECT cast_info.nr_order, cast_info.id FROM cast_info  WHERE cast_info.person_role_id BETWEEN 1413153.1 AND 1727186.9 ORDER BY cast_info.nr_order LIMIT 100;",popular_actor
"SELECT cast_info.role_id, cast_info.id FROM cast_info  WHERE cast_info.movie_id > 37.37 ORDER BY cast_info.role_id LIMIT 100;",popular_actor
SELECT cast_info.movie_id FROM cast_info  WHERE cast_info.id > 7.23 AND cast_info.person_role_id > 39.08 ORDER BY cast_info.movie_id LIMIT 100;,role_search
"SELECT cast_info.id, cast_info.person_role_id, cast_info.role_id, cast_info.movie_id FROM cast_info  WHERE cast_info.nr_order > 40.55 AND cast_info.person_id < 593 AND cast_info.person_role_id BETWEEN 1460258.17 AND 1680081.83 ORDER BY cast_info.id LIMIT 100;",award_season
"SELECT cast_info.note, cast_info.nr_order FROM cast_info  WHERE cast_info.movie_id BETWEEN 1212468.52 AND 1313507.48 AND cast_info.person_role_id < 50.36 AND cast_info.note LIKE 'sample' ORDER BY cast_info.note LIMIT 100;",role_search
"SELECT cast_info.note, cast_info.person_role_id, cast_info.id, cast_info.movie_id, cast_info.nr_order FROM cast_info  WHERE cast_info.person_role_id > 14.99 ORDER BY cast_info.nr_order LIMIT 100;",movie_cast
"SELECT cast_info.id, cast_info.role_id, cast_info.person_role_id, cast_info.movie_id FROM cast_info  WHERE cast_info.movie_id BETWEEN 1237728.26 AND 1288247.74 AND cast_info.role_id < 19.41 AND cast_info.person_id < 1802578.08 ORDER BY cast_info.movie_id LIMIT 100;",role_search
"SELECT cast_info.person_id, cast_info.id, cast_info.nr_order, cast_info.role_id FROM cast_info  WHERE cast_info.movie_id BETWEEN 1250358.13 AND 1275617.87 ORDER BY cast_info.id LIMIT 100;",role_search
"SELECT cast_info.role_id, cast_info.note, cast_info.movie_id FROM cast_info  WHERE cast_info.nr_order BETWEEN 496530183.425 AND 619267981.575 AND cast_info.id > 20.22 AND cast_info.person_role_id > 64.7 ORDER BY cast_info.movie_id LIMIT 100;",movie_cast
"SELECT cast_info.movie_id, cast_info.person_id, cast_info.id, cast_info.note, cast_info.nr_order, cast_info.person_role_id FROM cast_info  WHERE cast_info.person_id > 8 AND cast_info.id > 96.39 AND cast_info.person_role_id > 34.22 AND cast_info.role_id BETWEEN 5.75 AND 6.25 ORDER BY cast_info.person_id LIMIT 100;",popular_actor
"SELECT cast_info.note, cast_info.movie_id, cast_info.person_role_id, cast_info.person_id, cast_info.role_id, cast_info.id FROM cast_info  WHERE cast_info.id BETWEEN 16672399.32 AND 19571946.68 ORDER BY cast_info.note LIMIT 100;",movie_cast
"SELECT cast_info.movie_id, cast_info.person_id FROM cast_info  WHERE cast_info.person_role_id < 47.67 AND cast_info.nr_order < 95.58 AND cast_info.movie_id < 76.24 ORDER BY cast_info.person_id LIMIT 100;",role_search
"SELECT cast_info.note, cast_info.nr_order, cast_info.role_id, cast_info.person_role_id FROM cast_info  WHERE cast_info.id BETWEEN 16672399.32 AND 19571946.68 AND cast_info.movie_id BETWEEN 1262988.0 AND 1262988.0 AND cast_info.nr_order < 13.43 AND cast_info.role_id > 8.8 ORDER BY cast_info.nr_order LIMIT 100;",movie_cast
"SELECT cast_info.person_id, cast_info.movie_id, cast_info.note, cast_info.nr_order FROM cast_info  WHERE cast_info.movie_id BETWEEN 1262988.0 AND 1262988.0 AND cast_info.person_role_id BETWEEN 1428854.79 AND 1711485.21 ORDER BY cast_info.movie_id LIMIT 100;",movie_cast
"SELECT cast_info.note, cast_info.id, cast_info.nr_order, cast_info.person_role_id FROM cast_info  WHERE cast_info.role_id BETWEEN 5.75 AND 6.25 AND cast_info.nr_order < 14.54 AND cast_info.note LIKE 'sample' ORDER BY cast_info.note LIMIT 100;",movie_cast
"SELECT cast_info.person_id, cast_info.role_id FROM cast_info  WHERE cast_info.id > 35.61 AND cast_info.role_id BETWEEN 5.75 AND 6.25 AND cast_info.person_role_id BETWEEN 1444556.48 AND 1695783.52 AND cast_info.movie_id < 4141027.3 ORDER BY cast_info.role_id LIMIT 100;",award_season
"SELECT cast_info.id, cast_info.role_id, cast_info.person_role_id, cast_info.movie_id FROM cast_info  WHERE cast_info.movie_id BETWEEN 1237728.26 AND 1288247.74 AND cast_info.role_id < NULL AND cast_info.person_id < 3864.88 ORDER BY cast_info.movie_id LIMIT 100;",multi_criteria
"SELECT cast_info.nr_order, cast_info.id FROM cast_info  WHERE cast_info.person_role_id BETWEEN 1413153.1 AND 1727186.9 ORDER BY cast_info.nr_order LIMIT 100;",role_search
"SELECT cast_info.note, cast_info.person_role_id, cast_info.person_id, cast_info.movie_id, cast_info.id, cast_info.nr_order FROM cast_info  WHERE cast_info.person_id BETWEEN 1990344.76 AND 2071583.24 AND cast_info.id BETWEEN 16309955.9 AND 19934390.1 ORDER BY cast_info.note LIMIT 100;",award_season
"SELECT cast_info.id, cast_info.nr_order, cast_info.person_id, cast_info.person_role_id, cast_info.movie_id, cast_info.role_id FROM cast_info  WHERE cast_info.person_id > 2 AND cast_info.person_role_id > 35.28 AND cast_info.movie_id > 60.73 AND cast_info.nr_order < 7.84 ORDER BY cast_info.movie_id LIMIT 100;",popular_actor
"SELECT cast_info.nr_order, cast_info.id, cast_info.person_role_id FROM cast_info  WHERE cast_info.id BETWEEN 17034842.74 AND 19209503.26 AND cast_info.movie_id < 49.41 AND cast_info.role_id < NULL AND cast_info.person_id BETWEEN 1990344.76 AND 2071583.24 ORDER BY cast_info.person_role_id LIMIT 100;",popular_actor
"SELECT cast_info.person_id, cast_info.role_id FROM cast_info  WHERE cast_info.id > 99.09 AND cast_info.role_id BETWEEN 5.75 AND 6.25 AND cast_info.person_role_id BETWEEN 1444556.48 AND 1695783.52 AND cast_info.movie_id < 53.65 ORDER BY cast_info.role_id LIMIT 100;",role_search
"SELECT cast_info.role_id, cast_info.nr_order, cast_info.id, cast_info.movie_id FROM cast_info  WHERE cast_info.nr_order < 70.46 AND cast_info.note = 'sample' AND cast_info.movie_id BETWEEN 1199838.65 AND 1326137.35 ORDER BY cast_info.movie_id LIMIT 100;",award_season
"SELECT cast_info.person_role_id, cast_info.note, cast_info.role_id, cast_info.movie_id FROM cast_info  WHERE cast_info.person_role_id BETWEEN 1444556.48 AND 1695783.52 AND cast_info.id > 26.58 AND cast_info.person_id > 4 AND cast_info.movie_id < 44.86 ORDER BY cast_info.movie_id LIMIT 100;",popular_actor
"SELECT cast_info.person_id, cast_info.id, cast_info.nr_order, cast_info.movie_id, cast_info.role_id FROM cast_info  WHERE cast_info.person_role_id < 93.41 AND cast_info.note LIKE 'sample' AND cast_info.nr_order > -0.07 ORDER BY cast_info.nr_order LIMIT 100;",multi_criteria
"SELECT cast_info.note, cast_info.id, cast_info.movie_id, cast_info.nr_order, cast_info.person_role_id, cast_info.person_id FROM cast_info  WHERE cast_info.note LIKE 'sample' AND cast_info.person_role_id BETWEEN 1444556.48 AND 1695783.52 AND cast_info.role_id < 16.22 AND cast_info.nr_order < 57.1 ORDER BY cast_info.person_id LIMIT 100;",role_search
"SELECT cast_info.nr_order, cast_info.person_role_id, cast_info.movie_id, cast_info.note, cast_info.person_id FROM cast_info  WHERE cast_info.nr_order < 15.24 AND cast_info.note = 'sample' AND cast_info.movie_id BETWEEN 1225098.39 AND 1300877.61 AND cast_info.person_role_id > 43.55 ORDER BY cast_info.person_role_id LIMIT 100;",award_season
SELECT cast_info.id FROM cast_info  WHERE cast_info.person_role_id > 48.5 AND cast_info.note = 'sample' ORDER BY cast_info.id LIMIT 100;,multi_criteria
"SELECT cast_info.note, cast_info.nr_order, cast_info.role_id, cast_info.person_role_id FROM cast_info  WHERE cast_info.id BETWEEN 16672399.32 AND 19571946.68 AND cast_info.movie_id BETWEEN 1262988.0 AND 1262988.0 AND cast_info.nr_order < 4.54 AND cast_info.role_id > 8.03 ORDER BY cast_info.nr_order LIMIT 100;",movie_cast
"SELECT cast_info.role_id, cast_info.note, cast_info.person_id, cast_info.id, cast_info.nr_order, cast_info.movie_id FROM cast_info  WHERE cast_info.role_id BETWEEN 5.75 AND 6.25 ORDER BY cast_info.movie_id LIMIT 100;",movie_cast
"SELECT cast_info.nr_order, cast_info.person_id FROM cast_info  WHERE cast_info.nr_order > 12.36 AND cast_info.role_id BETWEEN 5.75 AND 6.25 AND cast_info.person_role_id > 50.37 ORDER BY cast_info.nr_order LIMIT 100;",movie_cast
"SELECT cast_info.role_id, cast_info.id FROM cast_info  WHERE cast_info.movie_id > 5.82 ORDER BY cast_info.role_id LIMIT 100;",role_search
SELECT cast_info.person_role_id FROM cast_info  WHERE cast_info.nr_order < 16.62 ORDER BY cast_info.person_role_id LIMIT 100;,award_season
"SELECT cast_info.note, cast_info.role_id FROM cast_info  WHERE cast_info.nr_order < 37.78 AND cast_info.person_role_id BETWEEN 1428854.79 AND 1711485.21 AND cast_info.note LIKE 'sample' ORDER BY cast_info.note LIMIT 100;",role_search
"SELECT cast_info.person_role_id, cast_info.person_id, cast_info.note, cast_info.id FROM cast_info  WHERE cast_info.note = 'sample' AND cast_info.person_role_id < 30.07 AND cast_info.person_id BETWEEN 1929415.9 AND 2132512.1 ORDER BY cast_info.id LIMIT 100;",award_season
"SELECT cast_info.person_id, cast_info.note, cast_info.id, cast_info.nr_order, cast_info.movie_id FROM cast_info  WHERE cast_info.person_id < 229172.61 ORDER BY cast_info.person_id LIMIT 100;",multi_criteria
"SELECT cast_info.nr_order, cast_info.id, cast_info.person_role_id FROM cast_info  WHERE cast_info.id BETWEEN 17034842.74 AND 19209503.26 AND cast_info.movie_id < 4633342.52 AND cast_info.role_id < NULL AND cast_info.person_id BETWEEN 1990344.76 AND 2071583.24 ORDER BY cast_info.person_role_id LIMIT 100;",award_season
"SELECT cast_info.person_role_id, cast_info.id, cast_info.role_id, cast_info.nr_order, cast_info.note, cast_info.movie_id FROM cast_info  WHERE cast_info.person_role_id > 72.79 ORDER BY cast_info.id LIMIT 100;",movie_cast
SELECT cast_info.person_role_id FROM cast_info  WHERE cast_info.person_role_id BETWEEN 1428854.79 AND 1711485.21 AND cast_info.movie_id > 4520949.23 AND cast_info.id BETWEEN 16491177.61 AND 19753168.39 AND cast_info.role_id > NULL ORDER BY cast_info.person_role_id LIMIT 100;,award_season
"SELECT cast_info.nr_order, cast_info.person_id FROM cast_info  WHERE cast_info.nr_order > 11.27 AND cast_info.role_id BETWEEN 5.75 AND 6.25 AND cast_info.person_role_id > 84.83 ORDER BY cast_info.nr_order LIMIT 100;",movie_cast
"SELECT cast_info.note, cast_info.id, cast_info.role_id, cast_info.person_id, cast_info.nr_order FROM cast_info  WHERE cast_info.role_id BETWEEN 5.75 AND 6.25 AND cast_info.nr_order < 7.32 AND cast_info.note = 'sample' ORDER BY cast_info.nr_order LIMIT 100;",movie_cast
"SELECT cast_info.nr_order, cast_info.person_role_id, cast_info.movie_id, cast_info.note, cast_info.person_id FROM cast_info  WHERE cast_info.nr_order < 94.72 AND cast_info.note = 'sample' AND cast_info.movie_id BETWEEN 1225098.39 AND 1300877.61 AND cast_info.person_role_id > 86.77 ORDER BY cast_info.person_role_id LIMIT 100;",popular_actor
"SELECT cast_info.movie_id, cast_info.person_id, cast_info.note, cast_info.role_id, cast_info.nr_order FROM cast_info  WHERE cast_info.person_id > 52.66 AND cast_info.role_id < 74.72 AND cast_info.id < 89.02 AND cast_info.person_role_id BETWEEN 1428854.79 AND 1711485.21 ORDER BY cast_info.note LIMIT 100;",movie_cast
"SELECT cast_info.person_id, cast_info.note, cast_info.id, cast_info.nr_order, cast_info.movie_id FROM cast_info  WHERE cast_info.person_id < 1 ORDER BY cast_info.person_id LIMIT 100;",popular_actor
"SELECT cast_info.id, cast_info.note, cast_info.nr_order, cast_info.role_id, cast_info.person_role_id, cast_info.movie_id FROM cast_info  WHERE cast_info.person_role_id > 49.01 ORDER BY cast_info.nr_order LIMIT 100;",award_season
"SELECT cast_info.nr_order, cast_info.note, cast_info.id, cast_info.person_id, cast_info.movie_id, cast_info.role_id FROM cast_info  WHERE cast_info.role_id BETWEEN 5.75 AND 6.25 AND cast_info.id > 18.44 AND cast_info.person_role_id BETWEEN 1428854.79 AND 1711485.21 ORDER BY cast_info.role_id LIMIT 100;",role_search
"SELECT cast_info.nr_order, cast_info.role_id, cast_info.id, cast_info.movie_id, cast_info.note FROM cast_info  WHERE cast_info.person_role_id < 27.09 ORDER BY cast_info.movie_id LIMIT 100;",award_season
"SELECT cast_info.nr_order, cast_info.id, cast_info.person_role_id FROM cast_info  WHERE cast_info.id BETWEEN 17034842.74 AND 19209503.26 AND cast_info.movie_id < 3 AND cast_info.role_id < 87.75 AND cast_info.person_id BETWEEN 1990344.76 AND 2071583.24 ORDER BY cast_info.person_role_id LIMIT 100;",movie_cast
"SELECT cast_info.movie_id, cast_info.person_role_id, cast_info.note, cast_info.role_id, cast_info.person_id FROM cast_info  WHERE cast_info.note = 'sample' AND cast_info.role_id BETWEEN 5.75 AND 6.25 ORDER BY cast_info.role_id LIMIT 100;",popular_actor
"SELECT cast_info.movie_id, cast_info.person_role_id, cast_info.nr_order FROM cast_info  WHERE cast_info.nr_order > 11.83 AND cast_info.note LIKE 'sample' AND cast_info.person_role_id < 68.99 ORDER BY cast_info.movie_id LIMIT 100;",movie_cast
"SELECT cast_info.nr_order, cast_info.note, cast_info.person_id, cast_info.role_id FROM cast_info  WHERE cast_info.person_role_id > 85.14 AND cast_info.movie_id < 47.98 AND cast_info.role_id BETWEEN 5.75 AND 6.25 AND cast_info.id > 77.35 ORDER BY cast_info.role_id LIMIT 100;",popular_actor
"SELECT cast_info.movie_id, cast_info.nr_order, cast_info.role_id, cast_info.note FROM cast_info  WHERE cast_info.movie_id > 48.58 AND cast_info.person_id BETWEEN 1970035.14 AND 2091892.86 ORDER BY cast_info.movie_id LIMIT 100;",role_search
"SELECT cast_info.person_role_id, cast_info.nr_order FROM cast_info  WHERE cast_info.role_id < NULL ORDER BY cast_info.nr_order LIMIT 100;",popular_actor
"SELECT cast_info.role_id, cast_info.person_id, cast_info.nr_order, cast_info.person_role_id, cast_info.movie_id FROM cast_info  WHERE cast_info.movie_id BETWEEN 1250358.13 AND 1275617.87 AND cast_info.person_role_id > 60.73 AND cast_info.person_id > 3 AND cast_info.note = 'sample' ORDER BY cast_info.person_id LIMIT 100;",award_season
"SELECT cast_info.movie_id, cast_info.id, cast_info.note FROM cast_info  WHERE cast_info.nr_order < 5.41 AND cast_info.role_id > 63.71 AND cast_info.person_role_id < 9.03 ORDER BY cast_info.id LIMIT 100;",movie_cast
"SELECT cast_info.role_id, cast_info.nr_order FROM cast_info  WHERE cast_info.movie_id > 1 AND cast_info.person_id BETWEEN 1929415.9 AND 2132512.1 AND cast_info.role_id < 20.29 AND cast_info.nr_order < 20.21 ORDER BY cast_info.nr_order LIMIT 100;",movie_cast
SELECT cast_info.id FROM cast_info  WHERE cast_info.person_role_id > 62.53 AND cast_info.note = 'sample' ORDER BY cast_info.id LIMIT 100;,award_season
"SELECT cast_info.note, cast_info.person_role_id, cast_info.id, cast_info.movie_id, cast_info.nr_order FROM cast_info  WHERE cast_info.person_role_id > 32.25 ORDER BY cast_info.nr_order LIMIT 100;",role_search
SELECT cast_info.movie_id FROM cast_info  WHERE cast_info.person_id < 1 ORDER BY cast_info.movie_id LIMIT 100;,popular_actor
SELECT cast_info.note FROM cast_info  WHERE cast_info.role_id > NULL AND cast_info.person_id BETWEEN 2010654.38 AND 2051273.62 ORDER BY cast_info.note LIMIT 100;,popular_actor
"SELECT cast_info.person_id, cast_info.person_role_id, cast_info.role_id FROM cast_info  WHERE cast_info.role_id < 64.81 AND cast_info.person_role_id > 6.57 AND cast_info.movie_id > 1 AND cast_info.id > 9.12 ORDER BY cast_info.person_id LIMIT 100;",movie_cast
"SELECT cast_info.note, cast_info.movie_id, cast_info.id FROM cast_info  WHERE cast_info.person_role_id < 53.57 AND cast_info.nr_order BETWEEN 490951192.6 AND 624846972.4 AND cast_info.note LIKE 'sample' ORDER BY cast_info.note LIMIT 100;",popular_actor
"SELECT cast_info.id, cast_info.nr_order, cast_info.person_id, cast_info.person_role_id, cast_info.movie_id, cast_info.role_id FROM cast_info  WHERE cast_info.person_id > 2326319.6 AND cast_info.person_role_id > 61.25 AND cast_info.movie_id > 39.32 AND cast_info.nr_order < 13.62 ORDER BY cast_info.movie_id LIMIT 100;",role_search
"SELECT cast_info.person_id, cast_info.movie_id, cast_info.note FROM cast_info  WHERE cast_info.movie_id BETWEEN 1225098.39 AND 1300877.61 ORDER BY cast_info.movie_id LIMIT 100;",award_season
"SELECT cast_info.movie_id, cast_info.id, cast_info.role_id, cast_info.note, cast_info.nr_order FROM cast_info  WHERE cast_info.note = 'sample' ORDER BY cast_info.note LIMIT 100;",movie_cast
"SELECT cast_info.note, cast_info.person_role_id, cast_info.nr_order, cast_info.role_id, cast_info.movie_id FROM cast_info  WHERE cast_info.person_role_id BETWEEN 1444556.48 AND 1695783.52 AND cast_info.id < 74.81 AND cast_info.note = 'sample' ORDER BY cast_info.person_role_id LIMIT 100;",popular_actor
"SELECT cast_info.note, cast_info.nr_order, cast_info.role_id, cast_info.person_role_id FROM cast_info  WHERE cast_info.id BETWEEN 16672399.32 AND 19571946.68 AND cast_info.movie_id BETWEEN 1262988.0 AND 1262988.0 AND cast_info.nr_order < 25.75 AND cast_info.role_id > NULL ORDER BY cast_info.nr_order LIMIT 100;",award_season
SELECT cast_info.movie_id FROM cast_info  WHERE cast_info.note LIKE 'sample' AND cast_info.person_role_id < 80.78 ORDER BY cast_info.movie_id LIMIT 100;,role_search
"SELECT cast_info.role_id, cast_info.nr_order FROM cast_info  WHERE cast_info.movie_id > 14 AND cast_info.person_id BETWEEN 1929415.9 AND 2132512.1 AND cast_info.role_id < 64.66 AND cast_info.nr_order < 8.49 ORDER BY cast_info.nr_order LIMIT 100;",movie_cast
SELECT cast_info.role_id FROM cast_info  WHERE cast_info.person_role_id < 41.83 AND cast_info.note = 'sample' AND cast_info.id < 85.67 AND cast_info.role_id BETWEEN 5.75 AND 6.25 ORDER BY cast_info.role_id LIMIT 100;,award_season
"SELECT cast_info.movie_id, cast_info.person_role_id, cast_info.nr_order FROM cast_info  WHERE cast_info.nr_order > 14.63 AND cast_info.note LIKE 'sample' AND cast_info.person_role_id < 20.05 ORDER BY cast_info.movie_id LIMIT 100;",multi_criteria
"SELECT cast_info.note, cast_info.person_role_id, cast_info.person_id, cast_info.movie_id, cast_info.id, cast_info.nr_order FROM cast_info  WHERE cast_info.person_id BETWEEN 1990344.76 AND 2071583.24 AND cast_info.id BETWEEN 16309955.9 AND 19934390.1 ORDER BY cast_info.note LIMIT 100;",multi_criteria
"SELECT cast_info.person_id, cast_info.id, cast_info.note, cast_info.person_role_id, cast_info.nr_order, cast_info.movie_id FROM cast_info  WHERE cast_info.movie_id BETWEEN 1225098.39 AND 1300877.61 AND cast_info.id BETWEEN 17034842.74 AND 19209503.26 AND cast_info.person_id > 1545141.43 ORDER BY cast_info.person_id LIMIT 100;",role_search
"SELECT cast_info.nr_order, cast_info.role_id, cast_info.id, cast_info.movie_id, cast_info.note FROM cast_info  WHERE cast_info.person_role_id < 26.19 ORDER BY cast_info.movie_id LIMIT 100;",multi_criteria
"SELECT cast_info.person_id, cast_info.person_role_id, cast_info.movie_id, cast_info.role_id FROM cast_info  WHERE cast_info.movie_id BETWEEN 1212468.52 AND 1313507.48 AND cast_info.person_id BETWEEN 1990344.76 AND 2071583.24 ORDER BY cast_info.person_role_id LIMIT 100;",movie_cast
"SELECT cast_info.person_role_id, cast_info.id, cast_info.role_id, cast_info.nr_order, cast_info.person_id, cast_info.note FROM cast_info  WHERE cast_info.nr_order BETWEEN 412845321.05 AND 702952843.95 AND cast_info.role_id BETWEEN 5.75 AND 6.25 AND cast_info.movie_id BETWEEN 1225098.39 AND 1300877.61 AND cast_info.person_id > 64.3 ORDER BY cast_info.nr_order LIMIT 100;",movie_cast
"SELECT cast_info.role_id, cast_info.nr_order, cast_info.id, cast_info.movie_id FROM cast_info  WHERE cast_info.nr_order < 97.1 AND cast_info.note = 'sample' AND cast_info.movie_id BETWEEN 1199838.65 AND 1326137.35 ORDER BY cast_info.movie_id LIMIT 100;",award_season
"SELECT cast_info.note, cast_info.nr_order, cast_info.role_id, cast_info.person_role_id FROM cast_info  WHERE cast_info.id BETWEEN 16672399.32 AND 19571946.68 AND cast_info.movie_id BETWEEN 1262988.0 AND 1262988.0 AND cast_info.nr_order < 14.97 AND cast_info.role_id > 72.7 ORDER BY cast_info.nr_order LIMIT 100;",movie_cast
"SELECT cast_info.person_role_id, cast_info.role_id, cast_info.person_id FROM cast_info  WHERE cast_info.nr_order < 96.84 AND cast_info.role_id > 9.15 ORDER BY cast_info.person_role_id LIMIT 100;",role_search
"SELECT cast_info.person_role_id, cast_info.person_id, cast_info.note, cast_info.id FROM cast_info  WHERE cast_info.note = 'sample' AND cast_info.person_role_id < 21.2 AND cast_info.person_id BETWEEN 1929415.9 AND 2132512.1 ORDER BY cast_info.id LIMIT 100;",multi_criteria
"SELECT cast_info.movie_id, cast_info.person_role_id, cast_info.note, cast_info.role_id, cast_info.person_id FROM cast_info  WHERE cast_info.note = 'sample' AND cast_info.role_id BETWEEN 5.75 AND 6.25 ORDER BY cast_info.role_id LIMIT 100;",popular_actor
"SELECT cast_info.note, cast_info.movie_id, cast_info.person_role_id, cast_info.nr_order FROM cast_info  WHERE cast_info.note = 'sample' AND cast_info.role_id > NULL AND cast_info.person_id < 31 AND cast_info.nr_order < 14.27 ORDER BY cast_info.nr_order LIMIT 100;",award_season
"SELECT cast_info.note, cast_info.person_role_id, cast_info.nr_order, cast_info.role_id, cast_info.movie_id FROM cast_info  WHERE cast_info.person_role_id BETWEEN 1444556.48 AND 1695783.52 AND cast_info.id < 33.94 AND cast_info.note = 'sample' ORDER BY cast_info.person_role_id LIMIT 100;",multi_criteria
"SELECT cast_info.person_id, cast_info.role_id FROM cast_info  WHERE cast_info.id > 51.31 AND cast_info.role_id BETWEEN 5.75 AND 6.25 AND cast_info.person_role_id BETWEEN 1444556.48 AND 1695783.52 AND cast_info.movie_id < 4994814.89 ORDER BY cast_info.role_id LIMIT 100;",award_season
"SELECT cast_info.note, cast_info.nr_order, cast_info.role_id, cast_info.id, cast_info.movie_id, cast_info.person_id FROM cast_info  WHERE cast_info.person_id > 96.07 AND cast_info.movie_id < 2 AND cast_info.person_role_id < 86.31 AND cast_info.nr_order < 5.83 ORDER BY cast_info.person_id LIMIT 100;",movie_cast
SELECT cast_info.role_id FROM cast_info  WHERE cast_info.nr_order > -0.98 ORDER BY cast_info.role_id LIMIT 100;,movie_cast
"SELECT cast_info.role_id, cast_info.note FROM cast_info  WHERE cast_info.id BETWEEN 16672399.32 AND 19571946.68 ORDER BY cast_info.note LIMIT 100;",award_season
"SELECT cast_info.role_id, cast_info.nr_order, cast_info.id, cast_info.movie_id FROM cast_info  WHERE cast_info.nr_order < 59.99 AND cast_info.note = 'sample' AND cast_info.movie_id BETWEEN 1199838.65 AND 1326137.35 ORDER BY cast_info.movie_id LIMIT 100;",award_season
SELECT cast_info.person_id FROM cast_info  WHERE cast_info.person_id > 301808.01 AND cast_info.note LIKE 'sample' AND cast_info.person_role_id < 11.73 ORDER BY cast_info.person_id LIMIT 100;,multi_criteria
"SELECT cast_info.id, cast_info.nr_order, cast_info.person_id, cast_info.person_role_id, cast_info.movie_id, cast_info.role_id FROM cast_info  WHERE cast_info.person_id > 2182043.63 AND cast_info.person_role_id > 73.86 AND cast_info.movie_id > 8.86 AND cast_info.nr_order < 37.6 ORDER BY cast_info.movie_id LIMIT 100;",role_search
"SELECT cast_info.note, cast_info.movie_id, cast_info.person_role_id FROM cast_info  WHERE cast_info.movie_id > 4639270.38 AND cast_info.nr_order < 34.39 ORDER BY cast_info.note LIMIT 100;",award_season
"SELECT cast_info.id, cast_info.nr_order, cast_info.person_id, cast_info.person_role_id, cast_info.movie_id, cast_info.role_id FROM cast_info  WHERE cast_info.person_id > 25448 AND cast_info.person_role_id > 25.89 AND cast_info.movie_id > 4082622.54 AND cast_info.nr_order < 97.23 ORDER BY cast_info.movie_id LIMIT 100;",award_season
"SELECT cast_info.person_role_id, cast_info.id, cast_info.role_id, cast_info.nr_order, cast_info.note, cast_info.movie_id FROM cast_info  WHERE cast_info.person_role_id > 18.5 ORDER BY cast_info.id LIMIT 100;",role_search
"SELECT cast_info.note, cast_info.id, cast_info.nr_order, cast_info.person_role_id FROM cast_info  WHERE cast_info.role_id BETWEEN 5.75 AND 6.25 AND cast_info.nr_order < 8.79 AND cast_info.note LIKE 'sample' ORDER BY cast_info.note LIMIT 100;",movie_cast
"SELECT cast_info.movie_id, cast_info.person_id FROM cast_info  WHERE cast_info.person_role_id < 37.81 AND cast_info.nr_order < 65.75 AND cast_info.movie_id < 4812040.85 ORDER BY cast_info.person_id LIMIT 100;",award_season
"SELECT cast_info.person_role_id, cast_info.id, cast_info.movie_id, cast_info.person_id, cast_info.note, cast_info.nr_order FROM cast_info  WHERE cast_info.person_id > 22.95 ORDER BY cast_info.person_role_id LIMIT 100;",movie_cast
"SELECT cast_info.person_role_id, cast_info.person_id, cast_info.note, cast_info.id FROM cast_info  WHERE cast_info.note = 'sample' AND cast_info.person_role_id < 91.32 AND cast_info.person_id BETWEEN 1929415.9 AND 2132512.1 ORDER BY cast_info.id LIMIT 100;",award_season
"SELECT cast_info.person_role_id, cast_info.role_id, cast_info.person_id FROM cast_info  WHERE cast_info.nr_order < 6.11 AND cast_info.role_id > NULL ORDER BY cast_info.person_role_id LIMIT 100;",popular_actor
SELECT cast_info.id FROM cast_info  WHERE cast_info.movie_id < 53.12 AND cast_info.note = 'sample' ORDER BY cast_info.id LIMIT 100;,popular_actor
"SELECT cast_info.note, cast_info.movie_id, cast_info.nr_order FROM cast_info  WHERE cast_info.nr_order BETWEEN 412845321.05 AND 702952843.95 AND cast_info.person_id < 6 AND cast_info.id BETWEEN 16853621.03 AND 19390724.97 ORDER BY cast_info.note LIMIT 100;",popular_actor
"SELECT cast_info.person_role_id, cast_info.note, cast_info.role_id, cast_info.movie_id FROM cast_info  WHERE cast_info.person_role_id BETWEEN 1444556.48 AND 1695783.52 AND cast_info.id > 84.08 AND cast_info.person_id > 375301.15 AND cast_info.movie_id < 115619.87 ORDER BY cast_info.movie_id LIMIT 100;",multi_criteria
"SELECT cast_info.person_id, cast_info.movie_id, cast_info.note, cast_info.nr_order FROM cast_info  WHERE cast_info.movie_id BETWEEN 1262988.0 AND 1262988.0 AND cast_info.person_role_id BETWEEN 1428854.79 AND 1711485.21 ORDER BY cast_info.movie_id LIMIT 100;",multi_criteria
"SELECT cast_info.person_role_id, cast_info.nr_order, cast_info.movie_id, cast_info.note FROM cast_info  WHERE cast_info.movie_id BETWEEN 1212468.52 AND 1313507.48 AND cast_info.person_role_id < 12.56 AND cast_info.nr_order < 3.22 ORDER BY cast_info.note LIMIT 100;",multi_criteria
"SELECT cast_info.nr_order, cast_info.person_role_id, cast_info.movie_id, cast_info.note, cast_info.person_id FROM cast_info  WHERE cast_info.nr_order < 89.4 AND cast_info.note = 'sample' AND cast_info.movie_id BETWEEN 1225098.39 AND 1300877.61 AND cast_info.person_role_id > 32.03 ORDER BY cast_info.person_role_id LIMIT 100;",popular_actor
"SELECT cast_info.role_id, cast_info.person_id, cast_info.nr_order, cast_info.person_role_id, cast_info.movie_id FROM cast_info  WHERE cast_info.movie_id BETWEEN 1250358.13 AND 1275617.87 AND cast_info.person_role_id > 90.05 AND cast_info.person_id > 2434447.46 AND cast_info.note = 'sample' ORDER BY cast_info.person_id LIMIT 100;",role_search
"SELECT cast_info.person_id, cast_info.person_role_id, cast_info.role_id, cast_info.movie_id FROM cast_info  WHERE cast_info.id < 18.02 AND cast_info.note LIKE 'sample' AND cast_info.person_role_id BETWEEN 1460258.17 AND 1680081.83 AND cast_info.nr_order < 65.36 ORDER BY cast_info.person_role_id LIMIT 100;",popular_actor
"SELECT cast_info.role_id, cast_info.person_id, cast_info.nr_order, cast_info.person_role_id, cast_info.movie_id FROM cast_info  WHERE cast_info.movie_id BETWEEN 1250358.13 AND 1275617.87 AND cast_info.person_role_id > 46.54 AND cast_info.person_id > 2 AND cast_info.note = 'sample' ORDER BY cast_info.person_id LIMIT 100;",popular_actor
SELECT cast_info.person_id FROM cast_info  WHERE cast_info.person_id > 203 AND cast_info.note LIKE 'sample' AND cast_info.person_role_id < 77.02 ORDER BY cast_info.person_id LIMIT 100;,award_season
"SELECT cast_info.note, cast_info.person_role_id, cast_info.person_id, cast_info.role_id, cast_info.nr_order FROM cast_info  WHERE cast_info.person_id > 31.41 AND cast_info.id > 33.95 AND cast_info.nr_order > 10.69 AND cast_info.person_role_id > 19.77 ORDER BY cast_info.role_id LIMIT 100;",movie_cast
"SELECT cast_info.id, cast_info.movie_id, cast_info.role_id, cast_info.person_id, cast_info.person_role_id, cast_info.nr_order FROM cast_info  WHERE cast_info.person_role_id < 60.04 ORDER BY cast_info.nr_order LIMIT 100;",movie_cast
"SELECT cast_info.nr_order, cast_info.person_id FROM cast_info  WHERE cast_info.nr_order > -2.27 AND cast_info.role_id BETWEEN 5.75 AND 6.25 AND cast_info.person_role_id > 30.7 ORDER BY cast_info.nr_order LIMIT 100;",movie_cast
"SELECT cast_info.note, cast_info.id, cast_info.movie_id, cast_info.nr_order, cast_info.person_role_id, cast_info.person_id FROM cast_info  WHERE cast_info.note LIKE 'sample' AND cast_info.person_role_id BETWEEN 1444556.48 AND 1695783.52 AND cast_info.role_id < NULL AND cast_info.nr_order < 21.18 ORDER BY cast_info.person_id LIMIT 100;",popular_actor
"SELECT cast_info.person_id, cast_info.movie_id, cast_info.note FROM cast_info  WHERE cast_info.movie_id BETWEEN 1225098.39 AND 1300877.61 ORDER BY cast_info.movie_id LIMIT 100;",award_season
"SELECT cast_info.person_role_id, cast_info.person_id, cast_info.note, cast_info.id FROM cast_info  WHERE cast_info.note = 'sample' AND cast_info.person_role_id < 44.54 AND cast_info.person_id BETWEEN 1929415.9 AND 2132512.1 ORDER BY cast_info.id LIMIT 100;",role_search
SELECT cast_info.movie_id FROM cast_info  WHERE cast_info.note LIKE 'sample' AND cast_info.person_role_id < 80.55 ORDER BY cast_info.movie_id LIMIT 100;,movie_cast
"SELECT cast_info.note, cast_info.nr_order FROM cast_info  WHERE cast_info.movie_id BETWEEN 1212468.52 AND 1313507.48 AND cast_info.person_role_id < 75.1 AND cast_info.note LIKE 'sample' ORDER BY cast_info.note LIMIT 100;",multi_criteria
"SELECT cast_info.role_id, cast_info.id FROM cast_info  WHERE cast_info.movie_id > 45.52 ORDER BY cast_info.role_id LIMIT 100;",popular_actor
"SELECT cast_info.nr_order, cast_info.id, cast_info.person_role_id FROM cast_info  WHERE cast_info.id BETWEEN 17034842.74 AND 19209503.26 AND cast_info.movie_id < 627277.89 AND cast_info.role_id < NULL AND cast_info.person_id BETWEEN 1990344.76 AND 2071583.24 ORDER BY cast_info.person_role_id LIMIT 100;",multi_criteria
"SELECT cast_info.note, cast_info.movie_id, cast_info.person_role_id FROM cast_info  WHERE cast_info.movie_id > 4342512.29 AND cast_info.nr_order < 43.02 ORDER BY cast_info.note LIMIT 100;",award_season
"SELECT cast_info.person_id, cast_info.role_id FROM cast_info  WHERE cast_info.id > 91.4 AND cast_info.role_id BETWEEN 5.75 AND 6.25 AND cast_info.person_role_id BETWEEN 1444556.48 AND 1695783.52 AND cast_info.movie_id < 73.92 ORDER BY cast_info.role_id LIMIT 100;",popular_actor
"SELECT cast_info.person_role_id, cast_info.id, cast_info.person_id, cast_info.note, cast_info.nr_order, cast_info.movie_id FROM cast_info  WHERE cast_info.person_id < 711110.67 AND cast_info.note LIKE 'sample' AND cast_info.role_id BETWEEN 5.75 AND 6.25 AND cast_info.id < 81.8 ORDER BY cast_info.nr_order LIMIT 100;",multi_criteria
"SELECT cast_info.note, cast_info.id, cast_info.nr_order, cast_info.person_role_id FROM cast_info  WHERE cast_info.role_id BETWEEN 5.75 AND 6.25 AND cast_info.nr_order < 20.49 AND cast_info.note LIKE 'sample' ORDER BY cast_info.note LIMIT 100;",popular_actor
SELECT cast_info.nr_order FROM cast_info  WHERE cast_info.person_id > 650127.52 AND cast_info.role_id < NULL AND cast_info.nr_order < 31.66 AND cast_info.note = 'sample' ORDER BY cast_info.nr_order LIMIT 100;,multi_criteria
"SELECT cast_info.person_role_id, cast_info.person_id, cast_info.note FROM cast_info  WHERE cast_info.movie_id BETWEEN 1225098.39 AND 1300877.61 AND cast_info.nr_order BETWEEN 463056238.475 AND 652741926.525 AND cast_info.role_id BETWEEN 5.75 AND 6.25 ORDER BY cast_info.person_id LIMIT 100;",role_search
SELECT cast_info.person_id FROM cast_info  WHERE cast_info.person_id > 2 AND cast_info.note LIKE 'sample' AND cast_info.person_role_id < 36.97 ORDER BY cast_info.person_id LIMIT 100;,award_season
"SELECT cast_info.person_role_id, cast_info.person_id, cast_info.role_id FROM cast_info  WHERE cast_info.person_role_id > 49.74 AND cast_info.nr_order < 98.25 ORDER BY cast_info.person_role_id LIMIT 100;",award_season
"SELECT cast_info.person_role_id, cast_info.nr_order, cast_info.movie_id, cast_info.note FROM cast_info  WHERE cast_info.movie_id BETWEEN 1212468.52 AND 1313507.48 AND cast_info.person_role_id < 98.68 AND cast_info.nr_order < 98.0 ORDER BY cast_info.note LIMIT 100;",popular_actor
"SELECT cast_info.nr_order, cast_info.person_role_id, cast_info.movie_id, cast_info.note, cast_info.person_id FROM cast_info  WHERE cast_info.nr_order < 82.49 AND cast_info.note = 'sample' AND cast_info.movie_id BETWEEN 1225098.39 AND 1300877.61 AND cast_info.person_role_id > 23.11 ORDER BY cast_info.person_role_id LIMIT 100;",popular_actor
"SELECT cast_info.note, cast_info.role_id FROM cast_info  WHERE cast_info.nr_order < 8.81 AND cast_info.person_role_id BETWEEN 1428854.79 AND 1711485.21 AND cast_info.note LIKE 'sample' ORDER BY cast_info.note LIMIT 100;",movie_cast
"SELECT cast_info.note, cast_info.movie_id, cast_info.person_role_id FROM cast_info  WHERE cast_info.movie_id > 15.41 AND cast_info.nr_order < 93.92 ORDER BY cast_info.note LIMIT 100;",popular_actor
SELECT cast_info.movie_id FROM cast_info  WHERE cast_info.id > 59.93 AND cast_info.person_role_id > 4.02 ORDER BY cast_info.movie_id LIMIT 100;,award_season
"SELECT cast_info.id, cast_info.note, cast_info.nr_order, cast_info.role_id, cast_info.person_role_id, cast_info.movie_id FROM cast_info  WHERE cast_info.person_role_id > 15.13 ORDER BY cast_info.nr_order LIMIT 100;",award_season
"SELECT cast_info.person_id, cast_info.note, cast_info.id, cast_info.nr_order, cast_info.movie_id FROM cast_info  WHERE cast_info.person_id < 410877.11 ORDER BY cast_info.person_id LIMIT 100;",multi_criteria
"SELECT cast_info.id, cast_info.person_role_id, cast_info.role_id, cast_info.movie_id FROM cast_info  WHERE cast_info.nr_order > 6.58 AND cast_info.person_id < 80.93 AND cast_info.person_role_id BETWEEN 1460258.17 AND 1680081.83 ORDER BY cast_info.id LIMIT 100;",movie_cast
"SELECT cast_info.person_id, cast_info.nr_order, cast_info.id, cast_info.movie_id FROM cast_info  WHERE cast_info.nr_order < 1.88 AND cast_info.person_role_id BETWEEN 1491661.55 AND 1648678.45 AND cast_info.note LIKE 'sample' ORDER BY cast_info.person_id LIMIT 100;",movie_cast
"SELECT cast_info.note, cast_info.role_id FROM cast_info  WHERE cast_info.nr_order < 60.24 AND cast_info.person_role_id BETWEEN 1428854.79 AND 1711485.21 AND cast_info.note LIKE 'sample' ORDER BY cast_info.note LIMIT 100;",role_search
SELECT cast_info.role_id FROM cast_info  WHERE cast_info.nr_order > -8.08 ORDER BY cast_info.role_id LIMIT 100;,multi_criteria
"SELECT cast_info.role_id, cast_info.nr_order, cast_info.id, cast_info.person_role_id, cast_info.movie_id, cast_info.note FROM cast_info  WHERE cast_info.note LIKE 'sample' AND cast_info.movie_id < 1 AND cast_info.person_id < 13.5 AND cast_info.nr_order < 16.3 ORDER BY cast_info.movie_id LIMIT 100;",movie_cast
"SELECT cast_info.person_role_id, cast_info.nr_order, cast_info.movie_id, cast_info.note FROM cast_info  WHERE cast_info.movie_id BETWEEN 1212468.52 AND 1313507.48 AND cast_info.person_role_id < 62.98 AND cast_info.nr_order < 25.38 ORDER BY cast_info.note LIMIT 100;",multi_criteria
"SELECT cast_info.nr_order, cast_info.role_id, cast_info.person_id, cast_info.movie_id, cast_info.note, cast_info.person_role_id FROM cast_info  WHERE cast_info.id < 33.82 AND cast_info.movie_id > 1 ORDER BY cast_info.nr_order LIMIT 100;",movie_cast
"SELECT cast_info.nr_order, cast_info.id, cast_info.person_role_id FROM cast_info  WHERE cast_info.id BETWEEN 17034842.74 AND 19209503.26 AND cast_info.movie_id < 1751040.17 AND cast_info.role_id < NULL AND cast_info.person_id BETWEEN 1990344.76 AND 2071583.24 ORDER BY cast_info.person_role_id LIMIT 100;",multi_criteria
"SELECT cast_info.movie_id, cast_info.person_role_id, cast_info.note, cast_info.role_id, cast_info.person_id FROM cast_info  WHERE cast_info.note = 'sample' AND cast_info.role_id BETWEEN 5.75 AND 6.25 ORDER BY cast_info.role_id LIMIT 100;",popular_actor
"SELECT cast_info.nr_order, cast_info.note, cast_info.id FROM cast_info  WHERE cast_info.role_id > NULL ORDER BY cast_info.id LIMIT 100;",award_season
"SELECT cast_info.role_id, cast_info.note, cast_info.person_id, cast_info.id, cast_info.nr_order, cast_info.movie_id FROM cast_info  WHERE cast_info.role_id BETWEEN 5.75 AND 6.25 ORDER BY cast_info.movie_id LIMIT 100;",movie_cast
"SELECT cast_info.person_role_id, cast_info.id, cast_info.role_id, cast_info.nr_order, cast_info.note, cast_info.movie_id FROM cast_info  WHERE cast_info.person_role_id > 27.69 ORDER BY cast_info.id LIMIT 100;",role_search
"SELECT cast_info.note, cast_info.nr_order, cast_info.role_id, cast_info.person_role_id FROM cast_info  WHERE cast_info.id BETWEEN 16672399.32 AND 19571946.68 AND cast_info.movie_id BETWEEN 1262988.0 AND 1262988.0 AND cast_info.nr_order < 29.37 AND cast_info.role_id > NULL ORDER BY cast_info.nr_order LIMIT 100;",multi_criteria
"SELECT cast_info.note, cast_info.person_role_id, cast_info.nr_order, cast_info.id, cast_info.role_id, cast_info.person_id FROM cast_info  WHERE cast_info.note LIKE 'sample' AND cast_info.id BETWEEN 16853621.03 AND 19390724.97 AND cast_info.movie_id > 408970.06 AND cast_info.role_id < NULL ORDER BY cast_info.person_role_id LIMIT 100;",multi_criteria
SELECT cast_info.movie_id FROM cast_info  WHERE cast_info.person_id < 20.66 ORDER BY cast_info.movie_id LIMIT 100;,movie_cast
"SELECT cast_info.nr_order, cast_info.id, cast_info.person_role_id FROM cast_info  WHERE cast_info.id BETWEEN 17034842.74 AND 19209503.26 AND cast_info.movie_id < 73.81 AND cast_info.role_id < NULL AND cast_info.person_id BETWEEN 1990344.76 AND 2071583.24 ORDER BY cast_info.person_role_id LIMIT 100;",popular_actor
"SELECT cast_info.person_role_id, cast_info.role_id, cast_info.person_id FROM cast_info  WHERE cast_info.nr_order < 51.78 AND cast_info.role_id > NULL ORDER BY cast_info.person_role_id LIMIT 100;",award_season
"SELECT cast_info.id, cast_info.person_id FROM cast_info  WHERE cast_info.movie_id > 1700307.58 AND cast_info.person_id > 955519.49 ORDER BY cast_info.person_id LIMIT 100;",multi_criteria
SELECT cast_info.id FROM cast_info  WHERE cast_info.person_role_id > 91.82 AND cast_info.note = 'sample' ORDER BY cast_info.id LIMIT 100;,multi_criteria
"SELECT cast_info.id, cast_info.person_id FROM cast_info  WHERE cast_info.movie_id > 1396564.61 AND cast_info.person_id > 287620.73 ORDER BY cast_info.person_id LIMIT 100;",multi_criteria
SELECT cast_info.role_id FROM cast_info  WHERE cast_info.person_role_id < 57.61 AND cast_info.note = 'sample' AND cast_info.id < 24.72 AND cast_info.role_id BETWEEN 5.75 AND 6.25 ORDER BY cast_info.role_id LIMIT 100;,award_season
"SELECT cast_info.person_id, cast_info.movie_id, cast_info.note, cast_info.id, cast_info.nr_order, cast_info.person_role_id FROM cast_info  WHERE cast_info.movie_id > 28.41 AND cast_info.note = 'sample' AND cast_info.id > 57.05 ORDER BY cast_info.nr_order LIMIT 100;",role_search
"SELECT cast_info.role_id, cast_info.nr_order, cast_info.id, cast_info.person_role_id, cast_info.movie_id, cast_info.note FROM cast_info  WHERE cast_info.note LIKE 'sample' AND cast_info.movie_id < 1 AND cast_info.person_id < 68.97 AND cast_info.nr_order < 22.23 ORDER BY cast_info.movie_id LIMIT 100;",movie_cast
SELECT cast_info.person_role_id FROM cast_info  WHERE cast_info.nr_order < 13.31 ORDER BY cast_info.person_role_id LIMIT 100;,multi_criteria
"SELECT cast_info.id, cast_info.nr_order, cast_info.person_id, cast_info.person_role_id, cast_info.movie_id, cast_info.role_id FROM cast_info  WHERE cast_info.person_id > 2899977.56 AND cast_info.person_role_id > 83.71 AND cast_info.movie_id > 86.49 AND cast_info.nr_order < 22.91 ORDER BY cast_info.movie_id LIMIT 100;",role_search
"SELECT cast_info.id, cast_info.note, cast_info.nr_order, cast_info.role_id, cast_info.person_role_id, cast_info.movie_id FROM cast_info  WHERE cast_info.person_role_id > 87.63 ORDER BY cast_info.nr_order LIMIT 100;",movie_cast
"SELECT cast_info.id, cast_info.note, cast_info.nr_order, cast_info.role_id, cast_info.person_role_id, cast_info.movie_id FROM cast_info  WHERE cast_info.person_role_id > 30.72 ORDER BY cast_info.nr_order LIMIT 100;",role_search
"SELECT cast_info.movie_id, cast_info.id, cast_info.nr_order, cast_info.note, cast_info.role_id, cast_info.person_id FROM cast_info  WHERE cast_info.id < 88.27 AND cast_info.person_role_id BETWEEN 1428854.79 AND 1711485.21 AND cast_info.movie_id < 1 AND cast_info.nr_order < 16.47 ORDER BY cast_info.role_id LIMIT 100;",movie_cast
SELECT cast_info.movie_id FROM cast_info  WHERE cast_info.id > 11.65 AND cast_info.person_role_id > 56.28 ORDER BY cast_info.movie_id LIMIT 100;,popular_actor
"SELECT cast_info.person_id, cast_info.person_role_id, cast_info.movie_id, cast_info.role_id FROM cast_info  WHERE cast_info.movie_id BETWEEN 1212468.52 AND 1313507.48 AND cast_info.person_id BETWEEN 1990344.76 AND 2071583.24 ORDER BY cast_info.person_role_id LIMIT 100;",popular_actor
SELECT cast_info.movie_id FROM cast_info  WHERE cast_info.id > 59.28 AND cast_info.person_role_id > 90.19 ORDER BY cast_info.movie_id LIMIT 100;,movie_cast
SELECT cast_info.nr_order FROM cast_info  WHERE cast_info.person_id BETWEEN 1990344.76 AND 2071583.24 ORDER BY cast_info.nr_order LIMIT 100;,popular_actor
"SELECT cast_info.person_role_id, cast_info.nr_order, cast_info.note, cast_info.movie_id, cast_info.person_id FROM cast_info  WHERE cast_info.id > 51.03 AND cast_info.person_id BETWEEN 1990344.76 AND 2071583.24 AND cast_info.role_id < NULL ORDER BY cast_info.nr_order LIMIT 100;",award_season
"SELECT cast_info.note, cast_info.nr_order, cast_info.movie_id, cast_info.role_id, cast_info.id, cast_info.person_role_id FROM cast_info  WHERE cast_info.movie_id > 1955313.65 ORDER BY cast_info.role_id LIMIT 100;",multi_criteria
